commit,device,shape_id,kind,batch,in_channels,out_channels,in_h,in_w,kernel,stride,padding,groups,use_bias,num_aie_columns,flops,bytes,arithmetic_intensity,warmup_iters,timed_iters,latency_mean_us,latency_median_us,latency_p99_us,gflops_median,bandwidth_gbps_median,cpu_latency_median_us,correctness
7b36295,NPU2_cols8,B1,pointwise,1,32,64,32,32,1,1,0,1,1,1,4194304,200832,2.088464e+01,5,20,411.2944,413.9420,431.7300,1.013259e+01,4.851694e-01,71.2140,pass
7b36295,NPU2_cols8,B1,pointwise,1,32,64,32,32,1,1,0,1,0,1,4194304,200704,2.089796e+01,5,20,387.8252,389.3060,396.9650,1.077380e+01,5.155430e-01,66.9660,pass
7b36295,NPU2_cols8,B1,pointwise,1,32,64,32,32,1,1,0,1,1,2,4194304,200832,2.088464e+01,5,20,263.2195,264.8920,276.1280,1.583402e+01,7.581656e-01,59.7120,pass
7b36295,NPU2_cols8,B1,pointwise,1,32,64,32,32,1,1,0,1,1,4,4194304,200832,2.088464e+01,5,20,189.3372,190.9580,203.4420,2.196454e+01,1.051708e+00,69.3700,pass
7b36295,NPU2_cols8,B2,standard_k3,1,16,16,32,32,3,1,1,1,1,1,4718592,70176,6.723940e+01,5,20,86252.5779,86237.1250,86444.7590,5.471648e-02,8.137563e-04,38.5730,pass
7b36295,NPU2_cols8,B2,standard_k3,1,16,16,32,32,3,1,1,1,1,2,4718592,70176,6.723940e+01,5,20,43418.8435,43375.8075,43651.3550,1.087840e-01,1.617860e-03,50.9060,pass
7b36295,NPU2_cols8,B3,strided,1,16,16,64,64,3,2,1,1,1,1,4718592,168480,2.800684e+01,5,20,88238.3353,88186.6285,88846.3670,5.350689e-02,1.910494e-03,51.1760,pass
7b36295,NPU2_cols8,B4,depthwise,1,32,32,32,32,3,1,1,32,1,1,589824,131712,4.478134e+00,5,20,4311.4293,4303.7765,4444.7010,1.370480e-01,3.060382e-02,41.4670,pass
7b36295,NPU2_cols8,B4,depthwise,1,32,32,32,32,3,1,1,32,1,2,589824,131712,4.478134e+00,5,20,2203.4719,2204.3770,2213.0130,2.675695e-01,5.975022e-02,40.2260,pass
7b36295,NPU2_cols8,B5,fat_pointwise,1,32,64,64,64,1,1,0,1,1,1,16777216,790656,2.121936e+01,5,20,1490.1725,1365.7280,1958.9570,1.228445e+01,5.789264e-01,114.4150,pass
7b36295,NPU2_cols8,B5,fat_pointwise,1,32,64,64,64,1,1,0,1,1,2,16777216,790656,2.121936e+01,5,20,730.0895,731.1670,763.1520,2.294581e+01,1.081362e+00,145.3930,pass
7b36295,NPU2_cols8,B5,fat_pointwise,1,32,64,64,64,1,1,0,1,1,4,16777216,790656,2.121936e+01,5,20,433.1930,435.8235,438.0420,3.849544e+01,1.814166e+00,133.3800,pass
7b36295,NPU2_cols8,B6,grouped,1,4,8,32,32,3,1,1,2,1,1,294912,24880,1.185338e+01,5,20,5684.3616,5683.3200,5706.6290,5.189080e-02,4.377723e-03,32.1000,pass
7b36295,NPU2_cols8,B1,pointwise,1,32,64,32,32,1,1,0,1,1,1,4194304,200832,2.088464e+01,5,20,434.6100,437.9065,444.6640,9.578081e+00,4.586184e-01,74.8110,pass
7b36295,NPU2_cols8,B1,pointwise,1,32,64,32,32,1,1,0,1,0,1,4194304,200704,2.089796e+01,5,20,394.5003,395.7025,410.7710,1.059964e+01,5.072093e-01,57.6690,pass
7b36295,NPU2_cols8,B1,pointwise,1,32,64,32,32,1,1,0,1,1,2,4194304,200832,2.088464e+01,5,20,273.5908,271.4095,295.3440,1.545378e+01,7.399594e-01,72.9570,pass
7b36295,NPU2_cols8,B1,pointwise,1,32,64,32,32,1,1,0,1,1,4,4194304,200832,2.088464e+01,5,20,199.6226,196.8590,218.7000,2.130613e+01,1.020182e+00,87.1740,pass
7b36295,NPU2_cols8,B2,standard_k3,1,16,16,32,32,3,1,1,1,1,1,4718592,70176,6.723940e+01,5,20,86348.0385,86280.1760,86803.6830,5.468918e-02,8.133502e-04,45.8260,pass
7b36295,NPU2_cols8,B2,standard_k3,1,16,16,32,32,3,1,1,1,1,2,4718592,70176,6.723940e+01,5,20,43252.4811,43238.6050,43366.0290,1.091291e-01,1.622994e-03,54.1710,pass
7b36295,NPU2_cols8,B3,strided,1,16,16,64,64,3,2,1,1,1,1,4718592,168480,2.800684e+01,5,20,88240.6190,88196.4215,88697.8780,5.350095e-02,1.910282e-03,60.4230,pass
7b36295,NPU2_cols8,B4,depthwise,1,32,32,32,32,3,1,1,32,1,1,589824,131712,4.478134e+00,5,20,4380.6150,4366.3885,4582.0080,1.350828e-01,3.016498e-02,66.6950,pass
7b36295,NPU2_cols8,B4,depthwise,1,32,32,32,32,3,1,1,32,1,2,589824,131712,4.478134e+00,5,20,2204.7389,2207.2220,2212.0910,2.672246e-01,5.967320e-02,64.1300,pass
7b36295,NPU2_cols8,B5,fat_pointwise,1,32,64,64,64,1,1,0,1,1,1,16777216,790656,2.121936e+01,5,20,1332.3928,1333.7630,1341.2770,1.257886e+01,5.928010e-01,115.0460,pass
7b36295,NPU2_cols8,B5,fat_pointwise,1,32,64,64,64,1,1,0,1,1,2,16777216,790656,2.121936e+01,5,20,729.6052,731.5275,735.8800,2.293450e+01,1.080829e+00,132.5080,pass
7b36295,NPU2_cols8,B5,fat_pointwise,1,32,64,64,64,1,1,0,1,1,4,16777216,790656,2.121936e+01,5,20,431.3355,430.1475,451.6470,3.900340e+01,1.838104e+00,140.0930,pass
7b36295,NPU2_cols8,B6,grouped,1,4,8,32,32,3,1,1,2,1,1,294912,24880,1.185338e+01,5,20,5689.9580,5686.3810,5747.0750,5.186286e-02,4.375366e-03,34.6250,pass
7b36295,NPU2_cols8,EX64,pointwise,1,64,64,32,32,1,1,0,1,1,1,8388608,,,5,20,729.1227,724.9860,754.9270,1.157072e+01,3.730610e-01,,pass
7b36295,NPU2_cols8,EX64,pointwise,1,64,64,32,32,1,1,0,1,1,4,8388608,,,5,20,266.4094,267.6525,272.7320,3.134141e+01,1.010509e+00,,pass
