Commit,Date,Provenance,Test Path,Test,Checks,Bench,Latency (mean),Latency (median),Latency (min),Latency (max),Latency (stddev),Bandwidth (mean),Bandwidth (median),Bandwidth (min),Bandwidth (max),Bandwidth (stddev),Throughput (mean),Throughput (median),Throughput (min),Throughput (max),Throughput (stddev)
bc6bed5614c930bb5b50c1d363d63664150b18c9,2026-10-02 23:14:18,commit bc6bed5614 | peano 22.0.0+0006955e | mlir_aie 1.4.4.dev73+g18ca6c1 | kernels 5726d482c21a | runtime CachedXRTRuntime | xdna 2.21.0_20260625 | xrt 2.21.0 | host docker-runner-ed1ea830e731 | device NPU Phoenix | pmode default,iron/operators/axpy/test.py::test_axpy,input_length_2048-num_aie_columns_1-tile_size_2048-scalar_factor_1.003,5/5,no,332.54,241.4,190.1,776.6,249.40402562909847,0.048083078,0.05091256,0.01582278,0.06463354,0.019077779911177296,,,,,
bc6bed5614c930bb5b50c1d363d63664150b18c9,2026-10-02 23:14:18,commit bc6bed5614 | peano 22.0.0+0006955e | mlir_aie 1.4.4.dev73+g18ca6c1 | kernels 5726d482c21a | runtime CachedXRTRuntime | xdna 2.21.0_20260625 | xrt 2.21.0 | host docker-runner-ed1ea830e731 | device NPU Phoenix | pmode default,iron/operators/axpy/test.py::test_axpy,input_length_2048-num_aie_columns_1-tile_size_2048-scalar_factor_3.0,5/5,no,330.64,298.5,148.1,590.8,160.75521142407794,0.044979216,0.04116555,0.0207974,0.0829889,0.022908611871061284,,,,,
bc6bed5614c930bb5b50c1d363d63664150b18c9,2026-10-02 23:14:18,commit bc6bed5614 | peano 22.0.0+0006955e | mlir_aie 1.4.4.dev73+g18ca6c1 | kernels 5726d482c21a | runtime CachedXRTRuntime | xdna 2.21.0_20260625 | xrt 2.21.0 | host docker-runner-ed1ea830e731 | device NPU Phoenix | pmode default,iron/operators/axpy/test.py::test_axpy,input_length_2048-num_aie_columns_2-tile_size_1024-scalar_factor_1.003,5/5,no,436.40000000000003,481.4,190.6,575.2,152.2240618299223,0.03300747,0.02552523,0.02136252,0.06446029,0.017935354585687735,,,,,
bc6bed5614c930bb5b50c1d363d63664150b18c9,2026-10-02 23:14:18,commit bc6bed5614 | peano 22.0.0+0006955e | mlir_aie 1.4.4.dev73+g18ca6c1 | kernels 5726d482c21a | runtime CachedXRTRuntime | xdna 2.21.0_20260625 | xrt 2.21.0 | host docker-runner-ed1ea830e731 | device NPU Phoenix | pmode default,iron/operators/axpy/test.py::test_axpy,input_length_2048-num_aie_columns_2-tile_size_1024-scalar_factor_3.0,5/5,no,820.1800000000001,483.4,216.4,2391.8,887.5646410262185,0.0272862192,0.02541731,0.005137656,0.05679239,0.018636014394700202,,,,,
bc6bed5614c930bb5b50c1d363d63664150b18c9,2026-10-02 23:14:18,commit bc6bed5614 | peano 22.0.0+0006955e | mlir_aie 1.4.4.dev73+g18ca6c1 | kernels 5726d482c21a | runtime CachedXRTRuntime | xdna 2.21.0_20260625 | xrt 2.21.0 | host docker-runner-ed1ea830e731 | device NPU Phoenix | pmode default,iron/operators/axpy/test.py::test_axpy,input_length_2048-num_aie_columns_4-tile_size_512-scalar_factor_1.003,5/5,no,411.98,470.6,201.7,523.0,126.4490094860375,0.033576428,0.02611323,0.02349594,0.06093727,0.01555635052979554,,,,,
bc6bed5614c930bb5b50c1d363d63664150b18c9,2026-10-02 23:14:18,commit bc6bed5614 | peano 22.0.0+0006955e | mlir_aie 1.4.4.dev73+g18ca6c1 | kernels 5726d482c21a | runtime CachedXRTRuntime | xdna 2.21.0_20260625 | xrt 2.21.0 | host docker-runner-ed1ea830e731 | device NPU Phoenix | pmode default,iron/operators/axpy/test.py::test_axpy,input_length_2048-num_aie_columns_4-tile_size_512-scalar_factor_3.0,5/5,no,469.28000000000003,539.2,217.4,555.7,142.6692924213196,0.029809574000000002,0.02278911,0.0221144,0.05652254,0.014968997198161941,,,,,
bc6bed5614c930bb5b50c1d363d63664150b18c9,2026-10-02 23:14:18,commit bc6bed5614 | peano 22.0.0+0006955e | mlir_aie 1.4.4.dev73+g18ca6c1 | kernels 5726d482c21a | runtime CachedXRTRuntime | xdna 2.21.0_20260625 | xrt 2.21.0 | host docker-runner-ed1ea830e731 | device NPU Phoenix | pmode default,iron/operators/axpy/test.py::test_axpy,input_length_8388608-num_aie_columns_4-tile_size_4096-scalar_factor_3.0,5/5,yes,5092.92,4788.9,3612.0,6716.2,1157.5129359968294,10.3101914,10.5101,7.494053,13.93445,2.405360503318328,,,,,
bc6bed5614c930bb5b50c1d363d63664150b18c9,2026-10-02 23:14:18,commit bc6bed5614 | peano 22.0.0+0006955e | mlir_aie 1.4.4.dev73+g18ca6c1 | kernels 5726d482c21a | runtime CachedXRTRuntime | xdna 2.21.0_20260625 | xrt 2.21.0 | host docker-runner-ed1ea830e731 | device NPU Phoenix | pmode default,iron/operators/dequant/test.py::test_dequant,input_length_2048-num_aie_columns_1-num_channels_1-tile_size_2048-group_size_32,5/5,no,378.15999999999997,402.2,246.5,543.3,115.17926462692837,0.0149647494,0.01304671,0.009659097,0.02128972,0.004592133780687013,,,,,
bc6bed5614c930bb5b50c1d363d63664150b18c9,2026-10-02 23:14:18,commit bc6bed5614 | peano 22.0.0+0006955e | mlir_aie 1.4.4.dev73+g18ca6c1 | kernels 5726d482c21a | runtime CachedXRTRuntime | xdna 2.21.0_20260625 | xrt 2.21.0 | host docker-runner-ed1ea830e731 | device NPU Phoenix | pmode default,iron/operators/dequant/test.py::test_dequant,input_length_2048-num_aie_columns_1-num_channels_2-tile_size_1024-group_size_32,5/5,no,430.74,498.1,284.1,564.6,131.9343132016838,0.0132805284,0.01053525,0.009294862,0.01847139,0.004496473449232498,,,,,
bc6bed5614c930bb5b50c1d363d63664150b18c9,2026-10-02 23:14:18,commit bc6bed5614 | peano 22.0.0+0006955e | mlir_aie 1.4.4.dev73+g18ca6c1 | kernels 5726d482c21a | runtime CachedXRTRuntime | xdna 2.21.0_20260625 | xrt 2.21.0 | host docker-runner-ed1ea830e731 | device NPU Phoenix | pmode default,iron/operators/dequant/test.py::test_dequant,input_length_2048-num_aie_columns_2-num_channels_1-tile_size_1024-group_size_32,5/5,no,488.82,504.2,373.3,589.0,77.94541038444791,0.010975743,0.01040754,0.008910335,0.01405791,0.001905284882542503,,,,,
bc6bed5614c930bb5b50c1d363d63664150b18c9,2026-10-02 23:14:18,commit bc6bed5614 | peano 22.0.0+0006955e | mlir_aie 1.4.4.dev73+g18ca6c1 | kernels 5726d482c21a | runtime CachedXRTRuntime | xdna 2.21.0_20260625 | xrt 2.21.0 | host docker-runner-ed1ea830e731 | device NPU Phoenix | pmode default,iron/operators/dequant/test.py::test_dequant,input_length_2048-num_aie_columns_2-num_channels_2-tile_size_512-group_size_32,5/5,no,506.34,485.4,393.3,637.5,90.21570262432144,0.0106289614,0.01081184,0.008232415,0.01334347,0.0018816904016760567,,,,,
bc6bed5614c930bb5b50c1d363d63664150b18c9,2026-10-02 23:14:18,commit bc6bed5614 | peano 22.0.0+0006955e | mlir_aie 1.4.4.dev73+g18ca6c1 | kernels 5726d482c21a | runtime CachedXRTRuntime | xdna 2.21.0_20260625 | xrt 2.21.0 | host docker-runner-ed1ea830e731 | device NPU Phoenix | pmode default,iron/operators/dequant/test.py::test_dequant,input_length_2048-num_aie_columns_4-num_channels_1-tile_size_512-group_size_32,5/5,no,623.96,579.5,401.7,1052.0,251.94291615363986,0.0093268694,0.009056223,0.004988403,0.01306428,0.0029696732361278906,,,,,
bc6bed5614c930bb5b50c1d363d63664150b18c9,2026-10-02 23:14:18,commit bc6bed5614 | peano 22.0.0+0006955e | mlir_aie 1.4.4.dev73+g18ca6c1 | kernels 5726d482c21a | runtime CachedXRTRuntime | xdna 2.21.0_20260625 | xrt 2.21.0 | host docker-runner-ed1ea830e731 | device NPU Phoenix | pmode default,iron/operators/dequant/test.py::test_dequant,input_length_2048-num_aie_columns_4-num_channels_2-tile_size_256-group_size_32,5/5,no,508.14,546.5,259.5,669.4,174.5169418709828,0.011704587399999999,0.009603121,0.007840325,0.02022203,0.005176011097813479,,,,,
bc6bed5614c930bb5b50c1d363d63664150b18c9,2026-10-02 23:14:18,commit bc6bed5614 | peano 22.0.0+0006955e | mlir_aie 1.4.4.dev73+g18ca6c1 | kernels 5726d482c21a | runtime CachedXRTRuntime | xdna 2.21.0_20260625 | xrt 2.21.0 | host docker-runner-ed1ea830e731 | device NPU Phoenix | pmode default,iron/operators/dequant/test.py::test_dequant,input_length_8388608-num_aie_columns_4-num_channels_2-tile_size_4096-group_size_32,5/5,yes,3184.38,3939.9,1076.7,4049.6,1288.3679625790141,8.737869400000001,5.455944,5.308115,19.96458,6.353737080753366,,,,,
bc6bed5614c930bb5b50c1d363d63664150b18c9,2026-10-02 23:14:18,commit bc6bed5614 | peano 22.0.0+0006955e | mlir_aie 1.4.4.dev73+g18ca6c1 | kernels 5726d482c21a | runtime CachedXRTRuntime | xdna 2.21.0_20260625 | xrt 2.21.0 | host docker-runner-ed1ea830e731 | device NPU Phoenix | pmode default,iron/operators/elementwise_add/test.py::test_elementwise_add,input_length_2048-num_aie_columns_1-tile_size_2048,5/5,no,395.52,344.6,194.2,641.8,169.19712468006065,0.036382852,0.03565884,0.01914711,0.06328312,0.0168067977297274,,,,,
bc6bed5614c930bb5b50c1d363d63664150b18c9,2026-10-02 23:14:18,commit bc6bed5614 | peano 22.0.0+0006955e | mlir_aie 1.4.4.dev73+g18ca6c1 | kernels 5726d482c21a | runtime CachedXRTRuntime | xdna 2.21.0_20260625 | xrt 2.21.0 | host docker-runner-ed1ea830e731 | device NPU Phoenix | pmode default,iron/operators/elementwise_add/test.py::test_elementwise_add,input_length_2048-num_aie_columns_2-tile_size_1024,5/5,no,530.84,532.5,190.0,1065.9,337.78352239267093,0.032373918,0.02307809,0.01152843,0.06468832,0.02091065439617493,,,,,
bc6bed5614c930bb5b50c1d363d63664150b18c9,2026-10-02 23:14:18,commit bc6bed5614 | peano 22.0.0+0006955e | mlir_aie 1.4.4.dev73+g18ca6c1 | kernels 5726d482c21a | runtime CachedXRTRuntime | xdna 2.21.0_20260625 | xrt 2.21.0 | host docker-runner-ed1ea830e731 | device NPU Phoenix | pmode default,iron/operators/elementwise_add/test.py::test_elementwise_add,input_length_2048-num_aie_columns_4-tile_size_512,5/5,no,434.02,470.3,200.2,590.8,147.9707808994735,0.032642154,0.02612828,0.02079885,0.06137678,0.01646786909339912,,,,,
bc6bed5614c930bb5b50c1d363d63664150b18c9,2026-10-02 23:14:18,commit bc6bed5614 | peano 22.0.0+0006955e | mlir_aie 1.4.4.dev73+g18ca6c1 | kernels 5726d482c21a | runtime CachedXRTRuntime | xdna 2.21.0_20260625 | xrt 2.21.0 | host docker-runner-ed1ea830e731 | device NPU Phoenix | pmode default,iron/operators/elementwise_add/test.py::test_elementwise_add,input_length_8388608-num_aie_columns_4-tile_size_4096,5/5,yes,4478.96,5566.0,1888.5,5939.8,1827.0157259859589,13.7073944,9.042618,8.473697,26.65187,7.83779422455172,,,,,
bc6bed5614c930bb5b50c1d363d63664150b18c9,2026-10-02 23:14:18,commit bc6bed5614 | peano 22.0.0+0006955e | mlir_aie 1.4.4.dev73+g18ca6c1 | kernels 5726d482c21a | runtime CachedXRTRuntime | xdna 2.21.0_20260625 | xrt 2.21.0 | host docker-runner-ed1ea830e731 | device NPU Phoenix | pmode default,iron/operators/elementwise_mul/test.py::test_elementwise_mul,input_length_2048-num_aie_columns_1-tile_size_2048,5/5,no,356.86,334.5,272.8,467.4,85.48832083974979,0.036004946,0.03673433,0.02628787,0.04503837,0.00827079370945014,,,,,
bc6bed5614c930bb5b50c1d363d63664150b18c9,2026-10-02 23:14:18,commit bc6bed5614 | peano 22.0.0+0006955e | mlir_aie 1.4.4.dev73+g18ca6c1 | kernels 5726d482c21a | runtime CachedXRTRuntime | xdna 2.21.0_20260625 | xrt 2.21.0 | host docker-runner-ed1ea830e731 | device NPU Phoenix | pmode default,iron/operators/elementwise_mul/test.py::test_elementwise_mul,input_length_2048-num_aie_columns_2-tile_size_1024,5/5,no,566.16,493.9,445.3,759.1,131.77407939348316,0.02258493,0.02488054,0.01618783,0.02759624,0.004760919301526755,,,,,
bc6bed5614c930bb5b50c1d363d63664150b18c9,2026-10-02 23:14:18,commit bc6bed5614 | peano 22.0.0+0006955e | mlir_aie 1.4.4.dev73+g18ca6c1 | kernels 5726d482c21a | runtime CachedXRTRuntime | xdna 2.21.0_20260625 | xrt 2.21.0 | host docker-runner-ed1ea830e731 | device NPU Phoenix | pmode default,iron/operators/elementwise_mul/test.py::test_elementwise_mul,input_length_2048-num_aie_columns_4-tile_size_512,5/5,no,510.92,552.7,284.2,639.2,133.87108350947193,0.026060968,0.02223348,0.01922274,0.0432364,0.009726862362554023,,,,,
bc6bed5614c930bb5b50c1d363d63664150b18c9,2026-10-02 23:14:18,commit bc6bed5614 | peano 22.0.0+0006955e | mlir_aie 1.4.4.dev73+g18ca6c1 | kernels 5726d482c21a | runtime CachedXRTRuntime | xdna 2.21.0_20260625 | xrt 2.21.0 | host docker-runner-ed1ea830e731 | device NPU Phoenix | pmode default,iron/operators/elementwise_mul/test.py::test_elementwise_mul,input_length_8388608-num_aie_columns_4-tile_size_4096,5/5,yes,4319.12,3557.0,2166.5,6815.3,1975.206861824857,13.889479999999999,14.15009,7.385077,23.23212,6.4168467288411595,,,,,
bc6bed5614c930bb5b50c1d363d63664150b18c9,2026-10-02 23:14:18,commit bc6bed5614 | peano 22.0.0+0006955e | mlir_aie 1.4.4.dev73+g18ca6c1 | kernels 5726d482c21a | runtime CachedXRTRuntime | xdna 2.21.0_20260625 | xrt 2.21.0 | host docker-runner-ed1ea830e731 | device NPU Phoenix | pmode default,iron/operators/flm/dequant/test.py::test_rejects_unservable_shapes,K_1000-N_128-exc_<class 'ValueError'>-match_multiple of,5/5,no,,,,,,,,,,,,,,,
bc6bed5614c930bb5b50c1d363d63664150b18c9,2026-10-02 23:14:18,commit bc6bed5614 | peano 22.0.0+0006955e | mlir_aie 1.4.4.dev73+g18ca6c1 | kernels 5726d482c21a | runtime CachedXRTRuntime | xdna 2.21.0_20260625 | xrt 2.21.0 | host docker-runner-ed1ea830e731 | device NPU Phoenix | pmode default,iron/operators/flm/dequant/test.py::test_rejects_unservable_shapes,K_1024-N_100-exc_<class 'ValueError'>-match_multiple of,5/5,no,,,,,,,,,,,,,,,
bc6bed5614c930bb5b50c1d363d63664150b18c9,2026-10-02 23:14:18,commit bc6bed5614 | peano 22.0.0+0006955e | mlir_aie 1.4.4.dev73+g18ca6c1 | kernels 5726d482c21a | runtime CachedXRTRuntime | xdna 2.21.0_20260625 | xrt 2.21.0 | host docker-runner-ed1ea830e731 | device NPU Phoenix | pmode default,iron/operators/flm/gemm/test.py::test_artifact_stem_differs_from_generic_gemm,M_256-K_512-N_1024,5/5,no,,,,,,,,,,,,,,,
bc6bed5614c930bb5b50c1d363d63664150b18c9,2026-10-02 23:14:18,commit bc6bed5614 | peano 22.0.0+0006955e | mlir_aie 1.4.4.dev73+g18ca6c1 | kernels 5726d482c21a | runtime CachedXRTRuntime | xdna 2.21.0_20260625 | xrt 2.21.0 | host docker-runner-ed1ea830e731 | device NPU Phoenix | pmode default,iron/operators/flm/gemm/test.py::test_artifact_stem_differs_from_generic_gemm,M_512-K_1024-N_2048,5/5,no,,,,,,,,,,,,,,,
bc6bed5614c930bb5b50c1d363d63664150b18c9,2026-10-02 23:14:18,commit bc6bed5614 | peano 22.0.0+0006955e | mlir_aie 1.4.4.dev73+g18ca6c1 | kernels 5726d482c21a | runtime CachedXRTRuntime | xdna 2.21.0_20260625 | xrt 2.21.0 | host docker-runner-ed1ea830e731 | device NPU Phoenix | pmode default,iron/operators/flm/gemm/test.py::test_gemm,M_256-K_512-N_128-epilogue_none-clamp_None-rounding_conv_even,5/5,no,613.92,612.4,366.9,977.5,233.10439077803747,0.83316002,0.7490782,0.4693355,1.250312,0.29776720691741226,60.939708,54.78972,34.32854,91.4514,21.77954643737376
bc6bed5614c930bb5b50c1d363d63664150b18c9,2026-10-02 23:14:18,commit bc6bed5614 | peano 22.0.0+0006955e | mlir_aie 1.4.4.dev73+g18ca6c1 | kernels 5726d482c21a | runtime CachedXRTRuntime | xdna 2.21.0_20260625 | xrt 2.21.0 | host docker-runner-ed1ea830e731 | device NPU Phoenix | pmode default,iron/operators/flm/gemm/test.py::test_gemm,M_256-K_512-N_256-epilogue_none-clamp_None-rounding_conv_even,5/5,no,563.98,566.2,414.1,685.2,105.61378697878416,1.19833896,1.15754,0.9564088,1.582464,0.2454622970325749,122.709892,118.5321,97.93626,162.0443,25.13534338113008
bc6bed5614c930bb5b50c1d363d63664150b18c9,2026-10-02 23:14:18,commit bc6bed5614 | peano 22.0.0+0006955e | mlir_aie 1.4.4.dev73+g18ca6c1 | kernels 5726d482c21a | runtime CachedXRTRuntime | xdna 2.21.0_20260625 | xrt 2.21.0 | host docker-runner-ed1ea830e731 | device NPU Phoenix | pmode default,iron/operators/flm/gemm/test.py::test_gemm,M_256-K_512-N_320-epilogue_none-clamp_None-rounding_conv_even,5/5,no,1107.74,989.1,701.8,1943.3,495.90539722814066,0.7718207,0.7619679,0.3878213,1.073839,0.26738115067123747,85.906994,84.81034,43.1662,119.5229,29.760673280985767
bc6bed5614c930bb5b50c1d363d63664150b18c9,2026-10-02 23:14:18,commit bc6bed5614 | peano 22.0.0+0006955e | mlir_aie 1.4.4.dev73+g18ca6c1 | kernels 5726d482c21a | runtime CachedXRTRuntime | xdna 2.21.0_20260625 | xrt 2.21.0 | host docker-runner-ed1ea830e731 | device NPU Phoenix | pmode default,iron/operators/flm/gemm/test.py::test_gemm,M_256-K_512-N_512-epilogue_gelu-clamp_None-rounding_conv_even,5/5,no,806.06,714.5,643.8,1081.6,192.33472905328352,1.35651662,1.467494,0.9694621,1.628676,0.29344721208945235,173.63414,187.8393,124.0911,208.4706,37.561273595326874
bc6bed5614c930bb5b50c1d363d63664150b18c9,2026-10-02 23:14:18,commit bc6bed5614 | peano 22.0.0+0006955e | mlir_aie 1.4.4.dev73+g18ca6c1 | kernels 5726d482c21a | runtime CachedXRTRuntime | xdna 2.21.0_20260625 | xrt 2.21.0 | host docker-runner-ed1ea830e731 | device NPU Phoenix | pmode default,iron/operators/flm/gemm/test.py::test_gemm,"M_256-K_512-N_512-epilogue_none-clamp_(-2.0, 2.0)-rounding_conv_even",5/5,no,787.66,798.0,589.8,931.2,135.4213720208151,1.3666108,1.313952,1.126032,1.77779,0.25950255762072943,174.92618,168.1859,144.1321,227.5571,33.21633630266889
bc6bed5614c930bb5b50c1d363d63664150b18c9,2026-10-02 23:14:18,commit bc6bed5614 | peano 22.0.0+0006955e | mlir_aie 1.4.4.dev73+g18ca6c1 | kernels 5726d482c21a | runtime CachedXRTRuntime | xdna 2.21.0_20260625 | xrt 2.21.0 | host docker-runner-ed1ea830e731 | device NPU Phoenix | pmode default,iron/operators/flm/gemm/test.py::test_gemm,M_256-K_512-N_512-epilogue_none-clamp_None-rounding_floor,5/5,no,744.5,719.1,628.1,943.6,118.77649178183367,1.4341996,1.45813,1.111243,1.669353,0.2038423400260604,183.57756,186.6406,142.2392,213.6772,26.091784312844528
bc6bed5614c930bb5b50c1d363d63664150b18c9,2026-10-02 23:14:18,commit bc6bed5614 | peano 22.0.0+0006955e | mlir_aie 1.4.4.dev73+g18ca6c1 | kernels 5726d482c21a | runtime CachedXRTRuntime | xdna 2.21.0_20260625 | xrt 2.21.0 | host docker-runner-ed1ea830e731 | device NPU Phoenix | pmode default,iron/operators/flm/gemm/test.py::test_gemm,M_256-K_512-N_512-epilogue_silu-clamp_None-rounding_conv_even,5/5,no,1627.44,1154.5,1089.0,3601.3,1104.043689352917,0.79877158,0.9082646,0.2911652,0.9628443,0.2853573635123807,102.24277000000001,116.2579,37.26915,123.2441,36.525744221261256
bc6bed5614c930bb5b50c1d363d63664150b18c9,2026-10-02 23:14:18,commit bc6bed5614 | peano 22.0.0+0006955e | mlir_aie 1.4.4.dev73+g18ca6c1 | kernels 5726d482c21a | runtime CachedXRTRuntime | xdna 2.21.0_20260625 | xrt 2.21.0 | host docker-runner-ed1ea830e731 | device NPU Phoenix | pmode default,iron/operators/flm/gemm/test.py::test_gemm,M_256-K_512-N_64-epilogue_none-clamp_None-rounding_conv_even,5/5,no,556.12,562.6,501.8,633.6,55.711282519791276,0.6533074799999999,0.6406951,0.568932,0.7183745,0.0643780813137282,30.408494,29.82144,26.4812,33.43707,2.9965064720070265
bc6bed5614c930bb5b50c1d363d63664150b18c9,2026-10-02 23:14:18,commit bc6bed5614 | peano 22.0.0+0006955e | mlir_aie 1.4.4.dev73+g18ca6c1 | kernels 5726d482c21a | runtime CachedXRTRuntime | xdna 2.21.0_20260625 | xrt 2.21.0 | host docker-runner-ed1ea830e731 | device NPU Phoenix | pmode default,iron/operators/flm/gemm/test.py::test_gemm,M_512-K_1024-N_512-epilogue_none-clamp_None-rounding_conv_even,5/5,no,2977.82,3673.1,1032.1,3956.4,1239.1285595126924,1.13597654,0.7136794,0.6625743,2.54,0.8020801898311029,232.648,146.1615,135.6952,520.192,164.26602935021288
bc6bed5614c930bb5b50c1d363d63664150b18c9,2026-10-02 23:14:18,commit bc6bed5614 | peano 22.0.0+0006955e | mlir_aie 1.4.4.dev73+g18ca6c1 | kernels 5726d482c21a | runtime CachedXRTRuntime | xdna 2.21.0_20260625 | xrt 2.21.0 | host docker-runner-ed1ea830e731 | device NPU Phoenix | pmode default,iron/operators/flm/gemm/test.py::test_gemm_split_leg_bounds,iter0,1/1,no,,,,,,,,,,,,,,,
bc6bed5614c930bb5b50c1d363d63664150b18c9,2026-10-02 23:14:18,commit bc6bed5614 | peano 22.0.0+0006955e | mlir_aie 1.4.4.dev73+g18ca6c1 | kernels 5726d482c21a | runtime CachedXRTRuntime | xdna 2.21.0_20260625 | xrt 2.21.0 | host docker-runner-ed1ea830e731 | device NPU Phoenix | pmode default,iron/operators/flm/gemm/test.py::test_gemm_split_leg_bounds,iter1,1/1,no,,,,,,,,,,,,,,,
bc6bed5614c930bb5b50c1d363d63664150b18c9,2026-10-02 23:14:18,commit bc6bed5614 | peano 22.0.0+0006955e | mlir_aie 1.4.4.dev73+g18ca6c1 | kernels 5726d482c21a | runtime CachedXRTRuntime | xdna 2.21.0_20260625 | xrt 2.21.0 | host docker-runner-ed1ea830e731 | device NPU Phoenix | pmode default,iron/operators/flm/gemm/test.py::test_gemm_split_leg_bounds,iter2,1/1,no,,,,,,,,,,,,,,,
bc6bed5614c930bb5b50c1d363d63664150b18c9,2026-10-02 23:14:18,commit bc6bed5614 | peano 22.0.0+0006955e | mlir_aie 1.4.4.dev73+g18ca6c1 | kernels 5726d482c21a | runtime CachedXRTRuntime | xdna 2.21.0_20260625 | xrt 2.21.0 | host docker-runner-ed1ea830e731 | device NPU Phoenix | pmode default,iron/operators/flm/gemm/test.py::test_gemm_split_leg_bounds,iter3,1/1,no,,,,,,,,,,,,,,,
bc6bed5614c930bb5b50c1d363d63664150b18c9,2026-10-02 23:14:18,commit bc6bed5614 | peano 22.0.0+0006955e | mlir_aie 1.4.4.dev73+g18ca6c1 | kernels 5726d482c21a | runtime CachedXRTRuntime | xdna 2.21.0_20260625 | xrt 2.21.0 | host docker-runner-ed1ea830e731 | device NPU Phoenix | pmode default,iron/operators/flm/gemm/test.py::test_gemm_split_leg_bounds,iter4,1/1,no,,,,,,,,,,,,,,,
bc6bed5614c930bb5b50c1d363d63664150b18c9,2026-10-02 23:14:18,commit bc6bed5614 | peano 22.0.0+0006955e | mlir_aie 1.4.4.dev73+g18ca6c1 | kernels 5726d482c21a | runtime CachedXRTRuntime | xdna 2.21.0_20260625 | xrt 2.21.0 | host docker-runner-ed1ea830e731 | device NPU Phoenix | pmode default,iron/operators/flm/gemm/test.py::test_gemm_split_leg_bounds_runs,iter0,1/1,no,,,,,,,,,,,,,,,
bc6bed5614c930bb5b50c1d363d63664150b18c9,2026-10-02 23:14:18,commit bc6bed5614 | peano 22.0.0+0006955e | mlir_aie 1.4.4.dev73+g18ca6c1 | kernels 5726d482c21a | runtime CachedXRTRuntime | xdna 2.21.0_20260625 | xrt 2.21.0 | host docker-runner-ed1ea830e731 | device NPU Phoenix | pmode default,iron/operators/flm/gemm/test.py::test_gemm_split_leg_bounds_runs,iter1,1/1,no,,,,,,,,,,,,,,,
bc6bed5614c930bb5b50c1d363d63664150b18c9,2026-10-02 23:14:18,commit bc6bed5614 | peano 22.0.0+0006955e | mlir_aie 1.4.4.dev73+g18ca6c1 | kernels 5726d482c21a | runtime CachedXRTRuntime | xdna 2.21.0_20260625 | xrt 2.21.0 | host docker-runner-ed1ea830e731 | device NPU Phoenix | pmode default,iron/operators/flm/gemm/test.py::test_gemm_split_leg_bounds_runs,iter2,1/1,no,,,,,,,,,,,,,,,
bc6bed5614c930bb5b50c1d363d63664150b18c9,2026-10-02 23:14:18,commit bc6bed5614 | peano 22.0.0+0006955e | mlir_aie 1.4.4.dev73+g18ca6c1 | kernels 5726d482c21a | runtime CachedXRTRuntime | xdna 2.21.0_20260625 | xrt 2.21.0 | host docker-runner-ed1ea830e731 | device NPU Phoenix | pmode default,iron/operators/flm/gemm/test.py::test_gemm_split_leg_bounds_runs,iter3,1/1,no,,,,,,,,,,,,,,,
bc6bed5614c930bb5b50c1d363d63664150b18c9,2026-10-02 23:14:18,commit bc6bed5614 | peano 22.0.0+0006955e | mlir_aie 1.4.4.dev73+g18ca6c1 | kernels 5726d482c21a | runtime CachedXRTRuntime | xdna 2.21.0_20260625 | xrt 2.21.0 | host docker-runner-ed1ea830e731 | device NPU Phoenix | pmode default,iron/operators/flm/gemm/test.py::test_gemm_split_leg_bounds_runs,iter4,1/1,no,,,,,,,,,,,,,,,
bc6bed5614c930bb5b50c1d363d63664150b18c9,2026-10-02 23:14:18,commit bc6bed5614 | peano 22.0.0+0006955e | mlir_aie 1.4.4.dev73+g18ca6c1 | kernels 5726d482c21a | runtime CachedXRTRuntime | xdna 2.21.0_20260625 | xrt 2.21.0 | host docker-runner-ed1ea830e731 | device NPU Phoenix | pmode default,iron/operators/flm/gemm/test.py::test_gemm_tile_options,tn128-ma32-default,5/5,no,,,,,,,,,,,,,,,
bc6bed5614c930bb5b50c1d363d63664150b18c9,2026-10-02 23:14:18,commit bc6bed5614 | peano 22.0.0+0006955e | mlir_aie 1.4.4.dev73+g18ca6c1 | kernels 5726d482c21a | runtime CachedXRTRuntime | xdna 2.21.0_20260625 | xrt 2.21.0 | host docker-runner-ed1ea830e731 | device NPU Phoenix | pmode default,iron/operators/flm/gemm/test.py::test_gemm_tile_options,tn16-ma64-default,5/5,no,,,,,,,,,,,,,,,
bc6bed5614c930bb5b50c1d363d63664150b18c9,2026-10-02 23:14:18,commit bc6bed5614 | peano 22.0.0+0006955e | mlir_aie 1.4.4.dev73+g18ca6c1 | kernels 5726d482c21a | runtime CachedXRTRuntime | xdna 2.21.0_20260625 | xrt 2.21.0 | host docker-runner-ed1ea830e731 | device NPU Phoenix | pmode default,iron/operators/flm/gemm/test.py::test_gemm_tile_options,tn32-ma64-default,5/5,no,,,,,,,,,,,,,,,
bc6bed5614c930bb5b50c1d363d63664150b18c9,2026-10-02 23:14:18,commit bc6bed5614 | peano 22.0.0+0006955e | mlir_aie 1.4.4.dev73+g18ca6c1 | kernels 5726d482c21a | runtime CachedXRTRuntime | xdna 2.21.0_20260625 | xrt 2.21.0 | host docker-runner-ed1ea830e731 | device NPU Phoenix | pmode default,iron/operators/flm/gemm/test.py::test_gemm_tile_options,tn64-ma32-default,5/5,no,,,,,,,,,,,,,,,
bc6bed5614c930bb5b50c1d363d63664150b18c9,2026-10-02 23:14:18,commit bc6bed5614 | peano 22.0.0+0006955e | mlir_aie 1.4.4.dev73+g18ca6c1 | kernels 5726d482c21a | runtime CachedXRTRuntime | xdna 2.21.0_20260625 | xrt 2.21.0 | host docker-runner-ed1ea830e731 | device NPU Phoenix | pmode default,iron/operators/flm/gemm/test.py::test_one_xclbin_serves_every_clamp_bound,iter0,1/1,no,,,,,,,,,,,,,,,
bc6bed5614c930bb5b50c1d363d63664150b18c9,2026-10-02 23:14:18,commit bc6bed5614 | peano 22.0.0+0006955e | mlir_aie 1.4.4.dev73+g18ca6c1 | kernels 5726d482c21a | runtime CachedXRTRuntime | xdna 2.21.0_20260625 | xrt 2.21.0 | host docker-runner-ed1ea830e731 | device NPU Phoenix | pmode default,iron/operators/flm/gemm/test.py::test_one_xclbin_serves_every_clamp_bound,iter1,1/1,no,,,,,,,,,,,,,,,
bc6bed5614c930bb5b50c1d363d63664150b18c9,2026-10-02 23:14:18,commit bc6bed5614 | peano 22.0.0+0006955e | mlir_aie 1.4.4.dev73+g18ca6c1 | kernels 5726d482c21a | runtime CachedXRTRuntime | xdna 2.21.0_20260625 | xrt 2.21.0 | host docker-runner-ed1ea830e731 | device NPU Phoenix | pmode default,iron/operators/flm/gemm/test.py::test_one_xclbin_serves_every_clamp_bound,iter2,1/1,no,,,,,,,,,,,,,,,
bc6bed5614c930bb5b50c1d363d63664150b18c9,2026-10-02 23:14:18,commit bc6bed5614 | peano 22.0.0+0006955e | mlir_aie 1.4.4.dev73+g18ca6c1 | kernels 5726d482c21a | runtime CachedXRTRuntime | xdna 2.21.0_20260625 | xrt 2.21.0 | host docker-runner-ed1ea830e731 | device NPU Phoenix | pmode default,iron/operators/flm/gemm/test.py::test_one_xclbin_serves_every_clamp_bound,iter3,1/1,no,,,,,,,,,,,,,,,
bc6bed5614c930bb5b50c1d363d63664150b18c9,2026-10-02 23:14:18,commit bc6bed5614 | peano 22.0.0+0006955e | mlir_aie 1.4.4.dev73+g18ca6c1 | kernels 5726d482c21a | runtime CachedXRTRuntime | xdna 2.21.0_20260625 | xrt 2.21.0 | host docker-runner-ed1ea830e731 | device NPU Phoenix | pmode default,iron/operators/flm/gemm/test.py::test_one_xclbin_serves_every_clamp_bound,iter4,1/1,no,,,,,,,,,,,,,,,
bc6bed5614c930bb5b50c1d363d63664150b18c9,2026-10-02 23:14:18,commit bc6bed5614 | peano 22.0.0+0006955e | mlir_aie 1.4.4.dev73+g18ca6c1 | kernels 5726d482c21a | runtime CachedXRTRuntime | xdna 2.21.0_20260625 | xrt 2.21.0 | host docker-runner-ed1ea830e731 | device NPU Phoenix | pmode default,iron/operators/flm/gemm/test.py::test_one_xclbin_serves_every_shape,iter0,1/1,no,,,,,,,,,,,,,,,
bc6bed5614c930bb5b50c1d363d63664150b18c9,2026-10-02 23:14:18,commit bc6bed5614 | peano 22.0.0+0006955e | mlir_aie 1.4.4.dev73+g18ca6c1 | kernels 5726d482c21a | runtime CachedXRTRuntime | xdna 2.21.0_20260625 | xrt 2.21.0 | host docker-runner-ed1ea830e731 | device NPU Phoenix | pmode default,iron/operators/flm/gemm/test.py::test_one_xclbin_serves_every_shape,iter1,1/1,no,,,,,,,,,,,,,,,
bc6bed5614c930bb5b50c1d363d63664150b18c9,2026-10-02 23:14:18,commit bc6bed5614 | peano 22.0.0+0006955e | mlir_aie 1.4.4.dev73+g18ca6c1 | kernels 5726d482c21a | runtime CachedXRTRuntime | xdna 2.21.0_20260625 | xrt 2.21.0 | host docker-runner-ed1ea830e731 | device NPU Phoenix | pmode default,iron/operators/flm/gemm/test.py::test_one_xclbin_serves_every_shape,iter2,1/1,no,,,,,,,,,,,,,,,
bc6bed5614c930bb5b50c1d363d63664150b18c9,2026-10-02 23:14:18,commit bc6bed5614 | peano 22.0.0+0006955e | mlir_aie 1.4.4.dev73+g18ca6c1 | kernels 5726d482c21a | runtime CachedXRTRuntime | xdna 2.21.0_20260625 | xrt 2.21.0 | host docker-runner-ed1ea830e731 | device NPU Phoenix | pmode default,iron/operators/flm/gemm/test.py::test_one_xclbin_serves_every_shape,iter3,1/1,no,,,,,,,,,,,,,,,
bc6bed5614c930bb5b50c1d363d63664150b18c9,2026-10-02 23:14:18,commit bc6bed5614 | peano 22.0.0+0006955e | mlir_aie 1.4.4.dev73+g18ca6c1 | kernels 5726d482c21a | runtime CachedXRTRuntime | xdna 2.21.0_20260625 | xrt 2.21.0 | host docker-runner-ed1ea830e731 | device NPU Phoenix | pmode default,iron/operators/flm/gemm/test.py::test_one_xclbin_serves_every_shape,iter4,1/1,no,,,,,,,,,,,,,,,
bc6bed5614c930bb5b50c1d363d63664150b18c9,2026-10-02 23:14:18,commit bc6bed5614 | peano 22.0.0+0006955e | mlir_aie 1.4.4.dev73+g18ca6c1 | kernels 5726d482c21a | runtime CachedXRTRuntime | xdna 2.21.0_20260625 | xrt 2.21.0 | host docker-runner-ed1ea830e731 | device NPU Phoenix | pmode default,iron/operators/gelu/test.py::test_gelu,input_length_2048-num_aie_columns_1-num_channels_1-tile_size_2048,5/5,no,365.34,410.6,257.5,427.5,77.94987491972005,0.02338242,0.01995066,0.01916235,0.03181557,0.0056519891369366596,,,,,
bc6bed5614c930bb5b50c1d363d63664150b18c9,2026-10-02 23:14:18,commit bc6bed5614 | peano 22.0.0+0006955e | mlir_aie 1.4.4.dev73+g18ca6c1 | kernels 5726d482c21a | runtime CachedXRTRuntime | xdna 2.21.0_20260625 | xrt 2.21.0 | host docker-runner-ed1ea830e731 | device NPU Phoenix | pmode default,iron/operators/gelu/test.py::test_gelu,input_length_2048-num_aie_columns_1-num_channels_2-tile_size_1024,5/5,no,408.2,388.3,255.5,509.0,104.17960452986948,0.021361078,0.02109975,0.01609278,0.03205999,0.006482604446583948,,,,,
bc6bed5614c930bb5b50c1d363d63664150b18c9,2026-10-02 23:14:18,commit bc6bed5614 | peano 22.0.0+0006955e | mlir_aie 1.4.4.dev73+g18ca6c1 | kernels 5726d482c21a | runtime CachedXRTRuntime | xdna 2.21.0_20260625 | xrt 2.21.0 | host docker-runner-ed1ea830e731 | device NPU Phoenix | pmode default,iron/operators/gelu/test.py::test_gelu,input_length_2048-num_aie_columns_2-num_channels_1-tile_size_1024,5/5,no,405.76,432.7,241.3,519.8,105.87508205427751,0.021662258,0.01893382,0.01575994,0.03394466,0.007217033960971779,,,,,
bc6bed5614c930bb5b50c1d363d63664150b18c9,2026-10-02 23:14:18,commit bc6bed5614 | peano 22.0.0+0006955e | mlir_aie 1.4.4.dev73+g18ca6c1 | kernels 5726d482c21a | runtime CachedXRTRuntime | xdna 2.21.0_20260625 | xrt 2.21.0 | host docker-runner-ed1ea830e731 | device NPU Phoenix | pmode default,iron/operators/gelu/test.py::test_gelu,input_length_2048-num_aie_columns_2-num_channels_2-tile_size_512,5/5,no,481.85999999999996,470.9,260.5,673.3,151.51538865739016,0.01879381,0.01739769,0.01216627,0.0314448,0.0074540700386936274,,,,,
bc6bed5614c930bb5b50c1d363d63664150b18c9,2026-10-02 23:14:18,commit bc6bed5614 | peano 22.0.0+0006955e | mlir_aie 1.4.4.dev73+g18ca6c1 | kernels 5726d482c21a | runtime CachedXRTRuntime | xdna 2.21.0_20260625 | xrt 2.21.0 | host docker-runner-ed1ea830e731 | device NPU Phoenix | pmode default,iron/operators/gelu/test.py::test_gelu,input_length_2048-num_aie_columns_4-num_channels_1-tile_size_512,5/5,no,818.24,612.8,439.8,1959.5,644.239755836288,0.0134908412,0.0133685,0.004180596,0.01862716,0.0058428358870164405,,,,,
bc6bed5614c930bb5b50c1d363d63664150b18c9,2026-10-02 23:14:18,commit bc6bed5614 | peano 22.0.0+0006955e | mlir_aie 1.4.4.dev73+g18ca6c1 | kernels 5726d482c21a | runtime CachedXRTRuntime | xdna 2.21.0_20260625 | xrt 2.21.0 | host docker-runner-ed1ea830e731 | device NPU Phoenix | pmode default,iron/operators/gelu/test.py::test_gelu,input_length_2048-num_aie_columns_4-num_channels_2-tile_size_256,5/5,no,446.36,453.6,386.7,497.9,44.61533368697358,0.018504758,0.0180606,0.01645254,0.02118449,0.0019032809354165242,,,,,
bc6bed5614c930bb5b50c1d363d63664150b18c9,2026-10-02 23:14:18,commit bc6bed5614 | peano 22.0.0+0006955e | mlir_aie 1.4.4.dev73+g18ca6c1 | kernels 5726d482c21a | runtime CachedXRTRuntime | xdna 2.21.0_20260625 | xrt 2.21.0 | host docker-runner-ed1ea830e731 | device NPU Phoenix | pmode default,iron/operators/gelu/test.py::test_gelu,input_length_8388608-num_aie_columns_4-num_channels_2-tile_size_4096,5/5,yes,4000.1200000000003,3942.3,3506.9,4541.1,437.218746167179,8.468561600000001,8.511426,7.389007,9.568224,0.9189864456738739,,,,,
bc6bed5614c930bb5b50c1d363d63664150b18c9,2026-10-02 23:14:18,commit bc6bed5614 | peano 22.0.0+0006955e | mlir_aie 1.4.4.dev73+g18ca6c1 | kernels 5726d482c21a | runtime CachedXRTRuntime | xdna 2.21.0_20260625 | xrt 2.21.0 | host docker-runner-ed1ea830e731 | device NPU Phoenix | pmode default,iron/operators/gemm/test.py::test_gemm,M_192-K_384-N_64-num_aie_columns_4-b_col_maj_False-c_col_maj_False-m_48-k_96-n_16-partition_N_1,5/5,no,672.74,678.7,390.2,971.0,206.29450550123724,0.35794998,0.3259095,0.227788,0.566826,0.12548443847070045,15.2725332,13.90547,9.718956,24.18458,5.354003947522004
bc6bed5614c930bb5b50c1d363d63664150b18c9,2026-10-02 23:14:18,commit bc6bed5614 | peano 22.0.0+0006955e | mlir_aie 1.4.4.dev73+g18ca6c1 | kernels 5726d482c21a | runtime CachedXRTRuntime | xdna 2.21.0_20260625 | xrt 2.21.0 | host docker-runner-ed1ea830e731 | device NPU Phoenix | pmode default,iron/operators/gemm/test.py::test_gemm,M_192-K_384-N_64-num_aie_columns_4-b_col_maj_True-c_col_maj_True-m_48-k_96-n_16-partition_N_1,5/5,no,577.22,619.2,453.1,682.0,96.87975536715604,0.39253684,0.3571885,0.3243296,0.4881216,0.06992912255808019,16.748238,15.24004,13.83806,20.82652,2.9836435184552452
bc6bed5614c930bb5b50c1d363d63664150b18c9,2026-10-02 23:14:18,commit bc6bed5614 | peano 22.0.0+0006955e | mlir_aie 1.4.4.dev73+g18ca6c1 | kernels 5726d482c21a | runtime CachedXRTRuntime | xdna 2.21.0_20260625 | xrt 2.21.0 | host docker-runner-ed1ea830e731 | device NPU Phoenix | pmode default,iron/operators/gemm/test.py::test_gemm,M_2048-K_2048-N_2048-num_aie_columns_1-b_col_maj_False-c_col_maj_False-m_64-k_64-n_64-partition_N_1,5/5,yes,80997.48,80673.8,80002.2,83417.5,1388.9749806961972,0.31077044,0.3119454,0.301685,0.3145642,0.005224850323980596,212.15262,212.9547,205.9503,214.7425,3.5668315872774268
bc6bed5614c930bb5b50c1d363d63664150b18c9,2026-10-02 23:14:18,commit bc6bed5614 | peano 22.0.0+0006955e | mlir_aie 1.4.4.dev73+g18ca6c1 | kernels 5726d482c21a | runtime CachedXRTRuntime | xdna 2.21.0_20260625 | xrt 2.21.0 | host docker-runner-ed1ea830e731 | device NPU Phoenix | pmode default,iron/operators/gemm/test.py::test_gemm,M_2048-K_2048-N_2048-num_aie_columns_2-b_col_maj_True-c_col_maj_False-m_64-k_64-n_64-partition_N_1,5/5,yes,19728.920000000002,18591.5,18570.7,24092.2,2441.111969369697,1.2891299999999999,1.353621,1.044562,1.355135,0.13689933904332774,880.04616,924.0719,713.0878,925.1058,93.45658763769946
bc6bed5614c930bb5b50c1d363d63664150b18c9,2026-10-02 23:14:18,commit bc6bed5614 | peano 22.0.0+0006955e | mlir_aie 1.4.4.dev73+g18ca6c1 | kernels 5726d482c21a | runtime CachedXRTRuntime | xdna 2.21.0_20260625 | xrt 2.21.0 | host docker-runner-ed1ea830e731 | device NPU Phoenix | pmode default,iron/operators/gemm/test.py::test_gemm,M_384-K_1536-N_1792-num_aie_columns_4-b_col_maj_True-c_col_maj_False-m_32-k_48-n_64-partition_N_1,5/5,no,3707.88,3377.1,1813.4,5323.1,1431.2596504478145,2.517586,2.386947,1.514327,4.445167,1.175701335579321,660.22162,625.9623,397.123,1165.718,308.3205222189678
bc6bed5614c930bb5b50c1d363d63664150b18c9,2026-10-02 23:14:18,commit bc6bed5614 | peano 22.0.0+0006955e | mlir_aie 1.4.4.dev73+g18ca6c1 | kernels 5726d482c21a | runtime CachedXRTRuntime | xdna 2.21.0_20260625 | xrt 2.21.0 | host docker-runner-ed1ea830e731 | device NPU Phoenix | pmode default,iron/operators/gemm/test.py::test_gemm,M_64-K_512-N_256-num_aie_columns_4-b_col_maj_True-c_col_maj_False-m_16-k_64-n_64-partition_N_4,5/5,no,6407.82,5859.4,4573.5,9319.5,1792.8104297443163,0.2053721,0.2125105,0.1336104,0.2722577,0.050770937937711966,11.0684756,11.4532,7.200898,14.67326,2.736287877080334
bc6bed5614c930bb5b50c1d363d63664150b18c9,2026-10-02 23:14:18,commit bc6bed5614 | peano 22.0.0+0006955e | mlir_aie 1.4.4.dev73+g18ca6c1 | kernels 5726d482c21a | runtime CachedXRTRuntime | xdna 2.21.0_20260625 | xrt 2.21.0 | host docker-runner-ed1ea830e731 | device NPU Phoenix | pmode default,iron/operators/gemv/test.py::test_gemv,M_128-K_128-num_aie_columns_1-tile_size_input_32-tile_size_output_128,5/5,no,379.58,424.1,231.8,490.4,106.4156802355743,0.094588864,0.07846521,0.06785854,0.1435807,0.031371422576503126,0.093133646,0.07725806,0.06681456,0.1413718,0.03088878920616151
bc6bed5614c930bb5b50c1d363d63664150b18c9,2026-10-02 23:14:18,commit bc6bed5614 | peano 22.0.0+0006955e | mlir_aie 1.4.4.dev73+g18ca6c1 | kernels 5726d482c21a | runtime CachedXRTRuntime | xdna 2.21.0_20260625 | xrt 2.21.0 | host docker-runner-ed1ea830e731 | device NPU Phoenix | pmode default,iron/operators/gemv/test.py::test_gemv,M_2048-K_8192-num_aie_columns_1-tile_size_input_1-tile_size_output_2048,5/5,no,9691.54,9626.0,9266.6,10394.0,462.83370447710456,3.4705264,3.487926,3.230226,3.623232,0.16178987926566965,3.4684094,3.485798,3.228256,3.621022,0.16169099078427343
bc6bed5614c930bb5b50c1d363d63664150b18c9,2026-10-02 23:14:18,commit bc6bed5614 | peano 22.0.0+0006955e | mlir_aie 1.4.4.dev73+g18ca6c1 | kernels 5726d482c21a | runtime CachedXRTRuntime | xdna 2.21.0_20260625 | xrt 2.21.0 | host docker-runner-ed1ea830e731 | device NPU Phoenix | pmode default,iron/operators/gemv/test.py::test_gemv,M_2048-K_8192-num_aie_columns_2-tile_size_input_1-tile_size_output_1024,5/5,no,5416.68,5336.5,4934.9,5855.9,410.97164379066345,6.2270262,6.291615,5.733508,6.803512,0.4715798606203408,6.2232278,6.287777,5.730011,6.799362,0.47129220417136125
bc6bed5614c930bb5b50c1d363d63664150b18c9,2026-10-02 23:14:18,commit bc6bed5614 | peano 22.0.0+0006955e | mlir_aie 1.4.4.dev73+g18ca6c1 | kernels 5726d482c21a | runtime CachedXRTRuntime | xdna 2.21.0_20260625 | xrt 2.21.0 | host docker-runner-ed1ea830e731 | device NPU Phoenix | pmode default,iron/operators/gemv/test.py::test_gemv,M_2048-K_8192-num_aie_columns_4-tile_size_input_1-tile_size_output_512,5/5,yes,3866.14,4069.9,2582.1,4527.3,744.6097823692622,9.0291992,8.249642,7.416146,13.00317,2.250710788227288,9.023692,8.24461,7.411623,12.99524,2.2493385384593627
bc6bed5614c930bb5b50c1d363d63664150b18c9,2026-10-02 23:14:18,commit bc6bed5614 | peano 22.0.0+0006955e | mlir_aie 1.4.4.dev73+g18ca6c1 | kernels 5726d482c21a | runtime CachedXRTRuntime | xdna 2.21.0_20260625 | xrt 2.21.0 | host docker-runner-ed1ea830e731 | device NPU Phoenix | pmode default,iron/operators/gemv/test.py::test_gemv,M_8192-K_2048-num_aie_columns_1-tile_size_input_4-tile_size_output_1024,5/5,no,9349.2,9269.6,8803.8,10112.3,549.1369455791514,3.6009656,3.622026,3.320198,3.813691,0.20796439628527758,3.598769,3.619817,3.318172,3.811365,0.20783781756095296
bc6bed5614c930bb5b50c1d363d63664150b18c9,2026-10-02 23:14:18,commit bc6bed5614 | peano 22.0.0+0006955e | mlir_aie 1.4.4.dev73+g18ca6c1 | kernels 5726d482c21a | runtime CachedXRTRuntime | xdna 2.21.0_20260625 | xrt 2.21.0 | host docker-runner-ed1ea830e731 | device NPU Phoenix | pmode default,iron/operators/gemv/test.py::test_gemv,M_8192-K_2048-num_aie_columns_2-tile_size_input_4-tile_size_output_1024,5/5,no,5719.38,5796.8,5389.4,6017.7,264.5571053666864,5.8805298,5.791954,5.579373,6.229802,0.27470432216603374,5.876943,5.788421,5.57597,6.226002,0.2745368434946393
bc6bed5614c930bb5b50c1d363d63664150b18c9,2026-10-02 23:14:18,commit bc6bed5614 | peano 22.0.0+0006955e | mlir_aie 1.4.4.dev73+g18ca6c1 | kernels 5726d482c21a | runtime CachedXRTRuntime | xdna 2.21.0_20260625 | xrt 2.21.0 | host docker-runner-ed1ea830e731 | device NPU Phoenix | pmode default,iron/operators/gemv/test.py::test_gemv,M_8192-K_2048-num_aie_columns_4-tile_size_input_4-tile_size_output_1024,5/5,yes,3499.6,3182.5,2635.5,4503.7,768.4822444272866,9.9644562,10.54984,7.454949,12.73936,2.1314864339887785,9.9583794,10.54341,7.450401,12.73159,2.1301874680750053
bc6bed5614c930bb5b50c1d363d63664150b18c9,2026-10-02 23:14:18,commit bc6bed5614 | peano 22.0.0+0006955e | mlir_aie 1.4.4.dev73+g18ca6c1 | kernels 5726d482c21a | runtime CachedXRTRuntime | xdna 2.21.0_20260625 | xrt 2.21.0 | host docker-runner-ed1ea830e731 | device NPU Phoenix | pmode default,iron/operators/gemv/test.py::test_gemv_batched,M_1024-K_1024-num_aie_columns_1-tile_size_input_1-tile_size_output_64-num_batches_2,5/5,no,2562.54,2492.4,1438.3,3906.8,1149.7721678663127,1.9586218,1.686134,1.075686,2.92186,0.9085067635379498,1.9548038,1.682848,1.073589,2.916164,0.9067354023998402
bc6bed5614c930bb5b50c1d363d63664150b18c9,2026-10-02 23:14:18,commit bc6bed5614 | peano 22.0.0+0006955e | mlir_aie 1.4.4.dev73+g18ca6c1 | kernels 5726d482c21a | runtime CachedXRTRuntime | xdna 2.21.0_20260625 | xrt 2.21.0 | host docker-runner-ed1ea830e731 | device NPU Phoenix | pmode default,iron/operators/gemv/test.py::test_gemv_batched,M_1026-K_64-num_aie_columns_1-tile_size_input_1-tile_size_output_2-num_batches_2,5/5,no,1536.44,880.9,534.1,3582.0,1250.7801337565288,0.269822526,0.3031011,0.07454433,0.49997,0.16726885955084073,0.265416704,0.2981519,0.07332712,0.4918062,0.16453760052635105
bc6bed5614c930bb5b50c1d363d63664150b18c9,2026-10-02 23:14:18,commit bc6bed5614 | peano 22.0.0+0006955e | mlir_aie 1.4.4.dev73+g18ca6c1 | kernels 5726d482c21a | runtime CachedXRTRuntime | xdna 2.21.0_20260625 | xrt 2.21.0 | host docker-runner-ed1ea830e731 | device NPU Phoenix | pmode default,iron/operators/gemv/test.py::test_gemv_batched,M_256-K_128-num_aie_columns_1-tile_size_input_1-tile_size_output_256-num_batches_4,5/5,no,1084.24,602.3,355.5,3381.8,1290.00800307595,0.45740945,0.4403738,0.07842335,0.7460198,0.2520768474065399,0.452111254,0.4352729,0.07751497,0.7373786,0.24915702585504604
bc6bed5614c930bb5b50c1d363d63664150b18c9,2026-10-02 23:14:18,commit bc6bed5614 | peano 22.0.0+0006955e | mlir_aie 1.4.4.dev73+g18ca6c1 | kernels 5726d482c21a | runtime CachedXRTRuntime | xdna 2.21.0_20260625 | xrt 2.21.0 | host docker-runner-ed1ea830e731 | device NPU Phoenix | pmode default,iron/operators/gemv/test.py::test_gemv_batched,M_64-K_1536-num_aie_columns_1-tile_size_input_1-tile_size_output_64-num_batches_8,5/5,no,2776.42,3188.5,1726.5,3609.6,850.0479027678382,0.6287514599999999,0.5013175,0.4428347,0.9258531,0.21814848911350038,0.61868176,0.4932887,0.4357425,0.9110252,0.21465475940163312
bc6bed5614c930bb5b50c1d363d63664150b18c9,2026-10-02 23:14:18,commit bc6bed5614 | peano 22.0.0+0006955e | mlir_aie 1.4.4.dev73+g18ca6c1 | kernels 5726d482c21a | runtime CachedXRTRuntime | xdna 2.21.0_20260625 | xrt 2.21.0 | host docker-runner-ed1ea830e731 | device NPU Phoenix | pmode default,iron/operators/gemv/test.py::test_gemv_gelu,M_128-K_128-num_aie_columns_1-tile_size_input_32-tile_size_output_128,0/5,no,,,,,,,,,,,,,,,
bc6bed5614c930bb5b50c1d363d63664150b18c9,2026-10-02 23:14:18,commit bc6bed5614 | peano 22.0.0+0006955e | mlir_aie 1.4.4.dev73+g18ca6c1 | kernels 5726d482c21a | runtime CachedXRTRuntime | xdna 2.21.0_20260625 | xrt 2.21.0 | host docker-runner-ed1ea830e731 | device NPU Phoenix | pmode default,iron/operators/gemv/test.py::test_gemv_gelu,M_2048-K_8192-num_aie_columns_1-tile_size_input_1-tile_size_output_2048,0/5,no,,,,,,,,,,,,,,,
bc6bed5614c930bb5b50c1d363d63664150b18c9,2026-10-02 23:14:18,commit bc6bed5614 | peano 22.0.0+0006955e | mlir_aie 1.4.4.dev73+g18ca6c1 | kernels 5726d482c21a | runtime CachedXRTRuntime | xdna 2.21.0_20260625 | xrt 2.21.0 | host docker-runner-ed1ea830e731 | device NPU Phoenix | pmode default,iron/operators/gemv/test.py::test_gemv_gelu,M_8192-K_2048-num_aie_columns_1-tile_size_input_4-tile_size_output_1024,0/5,no,,,,,,,,,,,,,,,
bc6bed5614c930bb5b50c1d363d63664150b18c9,2026-10-02 23:14:18,commit bc6bed5614 | peano 22.0.0+0006955e | mlir_aie 1.4.4.dev73+g18ca6c1 | kernels 5726d482c21a | runtime CachedXRTRuntime | xdna 2.21.0_20260625 | xrt 2.21.0 | host docker-runner-ed1ea830e731 | device NPU Phoenix | pmode default,iron/operators/layer_norm/test.py::test_layer_norm,input_length_2048-num_aie_columns_1-num_channels_1-tile_size_2048,5/5,no,254.7,263.0,180.2,314.0,52.47342184382491,0.033415476,0.03115374,0.02609324,0.0454611,0.007676271692969185,,,,,
bc6bed5614c930bb5b50c1d363d63664150b18c9,2026-10-02 23:14:18,commit bc6bed5614 | peano 22.0.0+0006955e | mlir_aie 1.4.4.dev73+g18ca6c1 | kernels 5726d482c21a | runtime CachedXRTRuntime | xdna 2.21.0_20260625 | xrt 2.21.0 | host docker-runner-ed1ea830e731 | device NPU Phoenix | pmode default,iron/operators/layer_norm/test.py::test_layer_norm,input_length_2048-num_aie_columns_1-num_channels_2-tile_size_1024,5/5,no,314.9,258.0,210.4,523.4,130.48957812791028,0.029171992,0.03175625,0.01565166,0.0389324,0.009788559150113462,,,,,
bc6bed5614c930bb5b50c1d363d63664150b18c9,2026-10-02 23:14:18,commit bc6bed5614 | peano 22.0.0+0006955e | mlir_aie 1.4.4.dev73+g18ca6c1 | kernels 5726d482c21a | runtime CachedXRTRuntime | xdna 2.21.0_20260625 | xrt 2.21.0 | host docker-runner-ed1ea830e731 | device NPU Phoenix | pmode default,iron/operators/layer_norm/test.py::test_layer_norm,input_length_2048-num_aie_columns_2-num_channels_1-tile_size_1024,5/5,no,274.8,265.9,228.5,359.6,49.841047340520454,0.030497906,0.03080857,0.02277859,0.03584822,0.004787518352625919,,,,,
bc6bed5614c930bb5b50c1d363d63664150b18c9,2026-10-02 23:14:18,commit bc6bed5614 | peano 22.0.0+0006955e | mlir_aie 1.4.4.dev73+g18ca6c1 | kernels 5726d482c21a | runtime CachedXRTRuntime | xdna 2.21.0_20260625 | xrt 2.21.0 | host docker-runner-ed1ea830e731 | device NPU Phoenix | pmode default,iron/operators/layer_norm/test.py::test_layer_norm,input_length_2048-num_aie_columns_2-num_channels_2-tile_size_512,5/5,no,454.48,416.0,310.8,609.2,114.5048994584948,0.018995798,0.01969127,0.01344681,0.02635999,0.004931638074927032,,,,,
bc6bed5614c930bb5b50c1d363d63664150b18c9,2026-10-02 23:14:18,commit bc6bed5614 | peano 22.0.0+0006955e | mlir_aie 1.4.4.dev73+g18ca6c1 | kernels 5726d482c21a | runtime CachedXRTRuntime | xdna 2.21.0_20260625 | xrt 2.21.0 | host docker-runner-ed1ea830e731 | device NPU Phoenix | pmode default,iron/operators/layer_norm/test.py::test_layer_norm,input_length_2048-num_aie_columns_4-num_channels_1-tile_size_512,5/5,no,413.36,464.1,213.2,629.6,170.25047136498625,0.023235040000000002,0.01765201,0.01301239,0.03842924,0.010724266523128752,,,,,
bc6bed5614c930bb5b50c1d363d63664150b18c9,2026-10-02 23:14:18,commit bc6bed5614 | peano 22.0.0+0006955e | mlir_aie 1.4.4.dev73+g18ca6c1 | kernels 5726d482c21a | runtime CachedXRTRuntime | xdna 2.21.0_20260625 | xrt 2.21.0 | host docker-runner-ed1ea830e731 | device NPU Phoenix | pmode default,iron/operators/layer_norm/test.py::test_layer_norm,input_length_2048-num_aie_columns_4-num_channels_2-tile_size_256,5/5,no,510.72,458.5,412.9,713.6,118.78813913855205,0.0166262,0.01786883,0.01147947,0.01983794,0.003183480289808623,,,,,
bc6bed5614c930bb5b50c1d363d63664150b18c9,2026-10-02 23:14:18,commit bc6bed5614 | peano 22.0.0+0006955e | mlir_aie 1.4.4.dev73+g18ca6c1 | kernels 5726d482c21a | runtime CachedXRTRuntime | xdna 2.21.0_20260625 | xrt 2.21.0 | host docker-runner-ed1ea830e731 | device NPU Phoenix | pmode default,iron/operators/layer_norm/test.py::test_layer_norm,input_length_8388608-num_aie_columns_4-num_channels_2-tile_size_4096,5/5,yes,2330.7,1706.0,1495.6,4062.9,1088.3710006243275,16.604255600000002,19.66874,8.258638,22.43524,6.0647871703503995,,,,,
bc6bed5614c930bb5b50c1d363d63664150b18c9,2026-10-02 23:14:18,commit bc6bed5614 | peano 22.0.0+0006955e | mlir_aie 1.4.4.dev73+g18ca6c1 | kernels 5726d482c21a | runtime CachedXRTRuntime | xdna 2.21.0_20260625 | xrt 2.21.0 | host docker-runner-ed1ea830e731 | device NPU Phoenix | pmode default,iron/operators/leaky_relu/test.py::test_leaky_relu,input_length_2048-num_aie_columns_1-num_channels_1-tile_size_2048-alpha_0.01,5/5,no,445.36,531.4,280.8,590.2,151.4275173143904,0.020528304,0.0154153,0.01388075,0.0291688,0.007868360781429001,,,,,
bc6bed5614c930bb5b50c1d363d63664150b18c9,2026-10-02 23:14:18,commit bc6bed5614 | peano 22.0.0+0006955e | mlir_aie 1.4.4.dev73+g18ca6c1 | kernels 5726d482c21a | runtime CachedXRTRuntime | xdna 2.21.0_20260625 | xrt 2.21.0 | host docker-runner-ed1ea830e731 | device NPU Phoenix | pmode default,iron/operators/leaky_relu/test.py::test_leaky_relu,input_length_2048-num_aie_columns_1-num_channels_1-tile_size_2048-alpha_0.1,5/5,no,298.4,256.3,222.0,465.9,96.8151589370177,0.029305742,0.03196853,0.01758483,0.03690805,0.007260025613131127,,,,,
bc6bed5614c930bb5b50c1d363d63664150b18c9,2026-10-02 23:14:18,commit bc6bed5614 | peano 22.0.0+0006955e | mlir_aie 1.4.4.dev73+g18ca6c1 | kernels 5726d482c21a | runtime CachedXRTRuntime | xdna 2.21.0_20260625 | xrt 2.21.0 | host docker-runner-ed1ea830e731 | device NPU Phoenix | pmode default,iron/operators/leaky_relu/test.py::test_leaky_relu,input_length_2048-num_aie_columns_1-num_channels_1-tile_size_2048-alpha_0.25,5/5,no,447.88,387.4,246.1,731.3,219.49338714412332,0.022234078,0.02114621,0.01120189,0.03329093,0.010360419106480202,,,,,
bc6bed5614c930bb5b50c1d363d63664150b18c9,2026-10-02 23:14:18,commit bc6bed5614 | peano 22.0.0+0006955e | mlir_aie 1.4.4.dev73+g18ca6c1 | kernels 5726d482c21a | runtime CachedXRTRuntime | xdna 2.21.0_20260625 | xrt 2.21.0 | host docker-runner-ed1ea830e731 | device NPU Phoenix | pmode default,iron/operators/leaky_relu/test.py::test_leaky_relu,input_length_2048-num_aie_columns_1-num_channels_2-tile_size_1024-alpha_0.01,5/5,no,451.3,478.5,237.5,614.3,152.17057862806462,0.020399078,0.01711945,0.01333494,0.03449452,0.008621010185315872,,,,,
bc6bed5614c930bb5b50c1d363d63664150b18c9,2026-10-02 23:14:18,commit bc6bed5614 | peano 22.0.0+0006955e | mlir_aie 1.4.4.dev73+g18ca6c1 | kernels 5726d482c21a | runtime CachedXRTRuntime | xdna 2.21.0_20260625 | xrt 2.21.0 | host docker-runner-ed1ea830e731 | device NPU Phoenix | pmode default,iron/operators/leaky_relu/test.py::test_leaky_relu,input_length_2048-num_aie_columns_2-num_channels_1-tile_size_1024-alpha_0.01,5/5,no,445.0,469.3,306.6,610.1,122.38917435786549,0.019598766,0.01745605,0.01342781,0.02672182,0.005500620005711174,,,,,
bc6bed5614c930bb5b50c1d363d63664150b18c9,2026-10-02 23:14:18,commit bc6bed5614 | peano 22.0.0+0006955e | mlir_aie 1.4.4.dev73+g18ca6c1 | kernels 5726d482c21a | runtime CachedXRTRuntime | xdna 2.21.0_20260625 | xrt 2.21.0 | host docker-runner-ed1ea830e731 | device NPU Phoenix | pmode default,iron/operators/leaky_relu/test.py::test_leaky_relu,input_length_2048-num_aie_columns_2-num_channels_2-tile_size_512-alpha_0.01,5/5,no,449.0,543.1,238.7,587.8,163.37587031137738,0.020887766000000002,0.01508458,0.01393778,0.03432512,0.00919285684278723,,,,,
bc6bed5614c930bb5b50c1d363d63664150b18c9,2026-10-02 23:14:18,commit bc6bed5614 | peano 22.0.0+0006955e | mlir_aie 1.4.4.dev73+g18ca6c1 | kernels 5726d482c21a | runtime CachedXRTRuntime | xdna 2.21.0_20260625 | xrt 2.21.0 | host docker-runner-ed1ea830e731 | device NPU Phoenix | pmode default,iron/operators/leaky_relu/test.py::test_leaky_relu,input_length_2048-num_aie_columns_4-num_channels_1-tile_size_512-alpha_0.01,5/5,no,456.24,450.7,254.1,664.7,147.56980721001165,0.019783946,0.01817468,0.01232399,0.03223826,0.007473809131151262,,,,,
bc6bed5614c930bb5b50c1d363d63664150b18c9,2026-10-02 23:14:18,commit bc6bed5614 | peano 22.0.0+0006955e | mlir_aie 1.4.4.dev73+g18ca6c1 | kernels 5726d482c21a | runtime CachedXRTRuntime | xdna 2.21.0_20260625 | xrt 2.21.0 | host docker-runner-ed1ea830e731 | device NPU Phoenix | pmode default,iron/operators/leaky_relu/test.py::test_leaky_relu,input_length_2048-num_aie_columns_4-num_channels_2-tile_size_256-alpha_0.01,5/5,no,415.6,482.6,288.8,502.4,105.33192773323766,0.020899734,0.01697447,0.0163046,0.02836536,0.005872967129043887,,,,,
bc6bed5614c930bb5b50c1d363d63664150b18c9,2026-10-02 23:14:18,commit bc6bed5614 | peano 22.0.0+0006955e | mlir_aie 1.4.4.dev73+g18ca6c1 | kernels 5726d482c21a | runtime CachedXRTRuntime | xdna 2.21.0_20260625 | xrt 2.21.0 | host docker-runner-ed1ea830e731 | device NPU Phoenix | pmode default,iron/operators/leaky_relu/test.py::test_leaky_relu,input_length_8388608-num_aie_columns_4-num_channels_2-tile_size_4096-alpha_0.01,5/5,yes,2604.12,1955.1,1483.7,4017.1,1280.4405890161402,15.5250406,17.16289,8.352829,22.61553,6.798301879183419,,,,,
bc6bed5614c930bb5b50c1d363d63664150b18c9,2026-10-02 23:14:18,commit bc6bed5614 | peano 22.0.0+0006955e | mlir_aie 1.4.4.dev73+g18ca6c1 | kernels 5726d482c21a | runtime CachedXRTRuntime | xdna 2.21.0_20260625 | xrt 2.21.0 | host docker-runner-ed1ea830e731 | device NPU Phoenix | pmode default,iron/operators/mem_copy/test.py::test_mem_copy,input_length_2048-num_cores_1-num_channels_1-bypass_False-tile_size_2048,5/5,no,390.8,424.1,243.6,539.3,115.75186823546304,0.022665189999999998,0.0193172,0.01519079,0.03362642,0.007367521225327416,,,,,
bc6bed5614c930bb5b50c1d363d63664150b18c9,2026-10-02 23:14:18,commit bc6bed5614 | peano 22.0.0+0006955e | mlir_aie 1.4.4.dev73+g18ca6c1 | kernels 5726d482c21a | runtime CachedXRTRuntime | xdna 2.21.0_20260625 | xrt 2.21.0 | host docker-runner-ed1ea830e731 | device NPU Phoenix | pmode default,iron/operators/mem_copy/test.py::test_mem_copy,input_length_2048-num_cores_2-num_channels_1-bypass_False-tile_size_1024,5/5,no,654.9,464.5,230.2,1831.9,667.000356071869,0.0209670278,0.01763757,0.004471799,0.03558135,0.012132929647936816,,,,,
bc6bed5614c930bb5b50c1d363d63664150b18c9,2026-10-02 23:14:18,commit bc6bed5614 | peano 22.0.0+0006955e | mlir_aie 1.4.4.dev73+g18ca6c1 | kernels 5726d482c21a | runtime CachedXRTRuntime | xdna 2.21.0_20260625 | xrt 2.21.0 | host docker-runner-ed1ea830e731 | device NPU Phoenix | pmode default,iron/operators/mem_copy/test.py::test_mem_copy,input_length_2048-num_cores_2-num_channels_2-bypass_False-tile_size_1024,5/5,no,325.7,298.7,230.5,500.6,102.28188989259048,0.026816732,0.02742542,0.01636302,0.03554414,0.006838854766912368,,,,,
bc6bed5614c930bb5b50c1d363d63664150b18c9,2026-10-02 23:14:18,commit bc6bed5614 | peano 22.0.0+0006955e | mlir_aie 1.4.4.dev73+g18ca6c1 | kernels 5726d482c21a | runtime CachedXRTRuntime | xdna 2.21.0_20260625 | xrt 2.21.0 | host docker-runner-ed1ea830e731 | device NPU Phoenix | pmode default,iron/operators/mem_copy/test.py::test_mem_copy,input_length_2048-num_cores_4-num_channels_1-bypass_False-tile_size_512,5/5,no,388.03999999999996,297.9,245.9,773.9,217.81124397055353,0.024850028,0.02749916,0.01058485,0.0333195,0.00855354135553047,,,,,
bc6bed5614c930bb5b50c1d363d63664150b18c9,2026-10-02 23:14:18,commit bc6bed5614 | peano 22.0.0+0006955e | mlir_aie 1.4.4.dev73+g18ca6c1 | kernels 5726d482c21a | runtime CachedXRTRuntime | xdna 2.21.0_20260625 | xrt 2.21.0 | host docker-runner-ed1ea830e731 | device NPU Phoenix | pmode default,iron/operators/mem_copy/test.py::test_mem_copy,input_length_2048-num_cores_4-num_channels_2-bypass_False-tile_size_512,5/5,no,491.32,496.0,401.7,629.6,91.93719051613445,0.017123338000000002,0.01651636,0.0130122,0.02039358,0.0030291202534927534,,,,,
bc6bed5614c930bb5b50c1d363d63664150b18c9,2026-10-02 23:14:18,commit bc6bed5614 | peano 22.0.0+0006955e | mlir_aie 1.4.4.dev73+g18ca6c1 | kernels 5726d482c21a | runtime CachedXRTRuntime | xdna 2.21.0_20260625 | xrt 2.21.0 | host docker-runner-ed1ea830e731 | device NPU Phoenix | pmode default,iron/operators/mem_copy/test.py::test_mem_copy,input_length_2048-num_cores_8-num_channels_2-bypass_False-tile_size_256,5/5,no,454.94,480.3,251.6,608.4,129.82689628886612,0.019654938,0.01705732,0.01346405,0.03255794,0.007454373446281049,,,,,
bc6bed5614c930bb5b50c1d363d63664150b18c9,2026-10-02 23:14:18,commit bc6bed5614 | peano 22.0.0+0006955e | mlir_aie 1.4.4.dev73+g18ca6c1 | kernels 5726d482c21a | runtime CachedXRTRuntime | xdna 2.21.0_20260625 | xrt 2.21.0 | host docker-runner-ed1ea830e731 | device NPU Phoenix | pmode default,iron/operators/mem_copy/test.py::test_mem_copy,input_length_8388608-num_cores_8-num_channels_2-bypass_False-tile_size_4096,5/5,yes,2854.68,3194.4,1396.6,4104.4,1276.7370665097806,14.367789,10.50412,8.175199,24.02552,7.4248415187529755,,,,,
bc6bed5614c930bb5b50c1d363d63664150b18c9,2026-10-02 23:14:18,commit bc6bed5614 | peano 22.0.0+0006955e | mlir_aie 1.4.4.dev73+g18ca6c1 | kernels 5726d482c21a | runtime CachedXRTRuntime | xdna 2.21.0_20260625 | xrt 2.21.0 | host docker-runner-ed1ea830e731 | device NPU Phoenix | pmode default,iron/operators/mha/test.py::test_arg_spec_matches_design_shapes,seq_len_16384-dim_64-num_heads_1-num_pipelines_8-num_kv_heads_0,5/5,no,,,,,,,,,,,,,,,
bc6bed5614c930bb5b50c1d363d63664150b18c9,2026-10-02 23:14:18,commit bc6bed5614 | peano 22.0.0+0006955e | mlir_aie 1.4.4.dev73+g18ca6c1 | kernels 5726d482c21a | runtime CachedXRTRuntime | xdna 2.21.0_20260625 | xrt 2.21.0 | host docker-runner-ed1ea830e731 | device NPU Phoenix | pmode default,iron/operators/mha/test.py::test_arg_spec_matches_design_shapes,seq_len_16384-dim_64-num_heads_8-num_pipelines_8-num_kv_heads_2,5/5,no,,,,,,,,,,,,,,,
bc6bed5614c930bb5b50c1d363d63664150b18c9,2026-10-02 23:14:18,commit bc6bed5614 | peano 22.0.0+0006955e | mlir_aie 1.4.4.dev73+g18ca6c1 | kernels 5726d482c21a | runtime CachedXRTRuntime | xdna 2.21.0_20260625 | xrt 2.21.0 | host docker-runner-ed1ea830e731 | device NPU Phoenix | pmode default,iron/operators/relu/test.py::test_relu,input_length_2048-num_aie_columns_1-num_channels_1-tile_size_2048,5/5,no,340.4,288.3,158.7,573.4,175.46082183781084,0.030075596,0.02841958,0.01428651,0.05160705,0.015394988212252065,,,,,
bc6bed5614c930bb5b50c1d363d63664150b18c9,2026-10-02 23:14:18,commit bc6bed5614 | peano 22.0.0+0006955e | mlir_aie 1.4.4.dev73+g18ca6c1 | kernels 5726d482c21a | runtime CachedXRTRuntime | xdna 2.21.0_20260625 | xrt 2.21.0 | host docker-runner-ed1ea830e731 | device NPU Phoenix | pmode default,iron/operators/relu/test.py::test_relu,input_length_2048-num_aie_columns_1-num_channels_2-tile_size_1024,5/5,no,414.0,408.0,224.8,646.0,157.50519039066617,0.022364926,0.02007809,0.01268182,0.03643917,0.009015260881656726,,,,,
bc6bed5614c930bb5b50c1d363d63664150b18c9,2026-10-02 23:14:18,commit bc6bed5614 | peano 22.0.0+0006955e | mlir_aie 1.4.4.dev73+g18ca6c1 | kernels 5726d482c21a | runtime CachedXRTRuntime | xdna 2.21.0_20260625 | xrt 2.21.0 | host docker-runner-ed1ea830e731 | device NPU Phoenix | pmode default,iron/operators/relu/test.py::test_relu,input_length_2048-num_aie_columns_2-num_channels_1-tile_size_1024,5/5,no,503.1,492.0,438.4,591.1,56.85006596302243,0.016442634,0.01664922,0.01385912,0.01868468,0.0017772182067714696,,,,,
bc6bed5614c930bb5b50c1d363d63664150b18c9,2026-10-02 23:14:18,commit bc6bed5614 | peano 22.0.0+0006955e | mlir_aie 1.4.4.dev73+g18ca6c1 | kernels 5726d482c21a | runtime CachedXRTRuntime | xdna 2.21.0_20260625 | xrt 2.21.0 | host docker-runner-ed1ea830e731 | device NPU Phoenix | pmode default,iron/operators/relu/test.py::test_relu,input_length_2048-num_aie_columns_2-num_channels_2-tile_size_512,5/5,no,444.44,329.0,292.5,683.8,184.78639830896645,0.020929646,0.0249028,0.01198053,0.02800492,0.007550696832510228,,,,,
bc6bed5614c930bb5b50c1d363d63664150b18c9,2026-10-02 23:14:18,commit bc6bed5614 | peano 22.0.0+0006955e | mlir_aie 1.4.4.dev73+g18ca6c1 | kernels 5726d482c21a | runtime CachedXRTRuntime | xdna 2.21.0_20260625 | xrt 2.21.0 | host docker-runner-ed1ea830e731 | device NPU Phoenix | pmode default,iron/operators/relu/test.py::test_relu,input_length_2048-num_aie_columns_4-num_channels_1-tile_size_512,5/5,no,504.21999999999997,514.3,233.8,727.5,176.07151104025886,0.01871544,0.0159273,0.01126067,0.0350325,0.00933076409074573,,,,,
bc6bed5614c930bb5b50c1d363d63664150b18c9,2026-10-02 23:14:18,commit bc6bed5614 | peano 22.0.0+0006955e | mlir_aie 1.4.4.dev73+g18ca6c1 | kernels 5726d482c21a | runtime CachedXRTRuntime | xdna 2.21.0_20260625 | xrt 2.21.0 | host docker-runner-ed1ea830e731 | device NPU Phoenix | pmode default,iron/operators/relu/test.py::test_relu,input_length_2048-num_aie_columns_4-num_channels_2-tile_size_256,5/5,no,409.03999999999996,485.5,247.9,525.4,127.92155017822446,0.021999854,0.01687183,0.01559318,0.03304478,0.007940296975997184,,,,,
bc6bed5614c930bb5b50c1d363d63664150b18c9,2026-10-02 23:14:18,commit bc6bed5614 | peano 22.0.0+0006955e | mlir_aie 1.4.4.dev73+g18ca6c1 | kernels 5726d482c21a | runtime CachedXRTRuntime | xdna 2.21.0_20260625 | xrt 2.21.0 | host docker-runner-ed1ea830e731 | device NPU Phoenix | pmode default,iron/operators/relu/test.py::test_relu,input_length_8388608-num_aie_columns_4-num_channels_2-tile_size_4096,5/5,yes,3240.02,3309.8,1629.2,4111.9,971.8040604977939,11.5623098,10.13777,8.160379,20.59586,5.133593319665592,,,,,
bc6bed5614c930bb5b50c1d363d63664150b18c9,2026-10-02 23:14:18,commit bc6bed5614 | peano 22.0.0+0006955e | mlir_aie 1.4.4.dev73+g18ca6c1 | kernels 5726d482c21a | runtime CachedXRTRuntime | xdna 2.21.0_20260625 | xrt 2.21.0 | host docker-runner-ed1ea830e731 | device NPU Phoenix | pmode default,iron/operators/repeat/test.py::test_cols_without_a_legal_split_is_rejected,"cols_1031-why_prime > 1023: the only divisors are 1 and cols, neither legal",5/5,no,,,,,,,,,,,,,,,
bc6bed5614c930bb5b50c1d363d63664150b18c9,2026-10-02 23:14:18,commit bc6bed5614 | peano 22.0.0+0006955e | mlir_aie 1.4.4.dev73+g18ca6c1 | kernels 5726d482c21a | runtime CachedXRTRuntime | xdna 2.21.0_20260625 | xrt 2.21.0 | host docker-runner-ed1ea830e731 | device NPU Phoenix | pmode default,iron/operators/repeat/test.py::test_cols_without_a_legal_split_is_rejected,cols_2062-why_2 x 1031: the only word-aligned chunk leaves a 1031-wide chunk count,5/5,no,,,,,,,,,,,,,,,
bc6bed5614c930bb5b50c1d363d63664150b18c9,2026-10-02 23:14:18,commit bc6bed5614 | peano 22.0.0+0006955e | mlir_aie 1.4.4.dev73+g18ca6c1 | kernels 5726d482c21a | runtime CachedXRTRuntime | xdna 2.21.0_20260625 | xrt 2.21.0 | host docker-runner-ed1ea830e731 | device NPU Phoenix | pmode default,iron/operators/repeat/test.py::test_cols_without_a_legal_split_is_rejected,"cols_513-why_odd: every divisor is odd, so no chunk is a whole 32-bit word",5/5,no,,,,,,,,,,,,,,,
bc6bed5614c930bb5b50c1d363d63664150b18c9,2026-10-02 23:14:18,commit bc6bed5614 | peano 22.0.0+0006955e | mlir_aie 1.4.4.dev73+g18ca6c1 | kernels 5726d482c21a | runtime CachedXRTRuntime | xdna 2.21.0_20260625 | xrt 2.21.0 | host docker-runner-ed1ea830e731 | device NPU Phoenix | pmode default,iron/operators/repeat/test.py::test_repeat,rows_4-cols_1024-repeat_2-transfer_size_None,5/5,no,435.52,479.2,274.5,606.7,148.3363812420945,0.062648798,0.05128644,0.04050493,0.08952484,0.023080118251194468,,,,,
bc6bed5614c930bb5b50c1d363d63664150b18c9,2026-10-02 23:14:18,commit bc6bed5614 | peano 22.0.0+0006955e | mlir_aie 1.4.4.dev73+g18ca6c1 | kernels 5726d482c21a | runtime CachedXRTRuntime | xdna 2.21.0_20260625 | xrt 2.21.0 | host docker-runner-ed1ea830e731 | device NPU Phoenix | pmode default,iron/operators/repeat/test.py::test_repeat,rows_8-cols_512-repeat_4-transfer_size_64,5/5,no,379.92,276.7,256.1,598.3,158.55245819601788,0.122186882,0.1480197,0.06846579,0.15993,0.04337832856313991,,,,,
bc6bed5614c930bb5b50c1d363d63664150b18c9,2026-10-02 23:14:18,commit bc6bed5614 | peano 22.0.0+0006955e | mlir_aie 1.4.4.dev73+g18ca6c1 | kernels 5726d482c21a | runtime CachedXRTRuntime | xdna 2.21.0_20260625 | xrt 2.21.0 | host docker-runner-ed1ea830e731 | device NPU Phoenix | pmode default,iron/operators/repeat/test.py::test_repeat,rows_8-cols_64-repeat_4-transfer_size_None,5/5,no,274.7,230.3,216.9,404.8,81.35271968410153,0.019779828,0.02223255,0.01264725,0.02360992,0.004873207177816269,,,,,
bc6bed5614c930bb5b50c1d363d63664150b18c9,2026-10-02 23:14:18,commit bc6bed5614 | peano 22.0.0+0006955e | mlir_aie 1.4.4.dev73+g18ca6c1 | kernels 5726d482c21a | runtime CachedXRTRuntime | xdna 2.21.0_20260625 | xrt 2.21.0 | host docker-runner-ed1ea830e731 | device NPU Phoenix | pmode default,iron/operators/rms_norm/test.py::test_rms_norm,input_length_2048-num_aie_columns_1-num_channels_1-tile_size_2048-weighted_False,5/5,no,252.52,217.5,172.5,353.5,80.23466831738011,0.035067388,0.03766974,0.02317168,0.04748573,0.010461571049372554,,,,,
bc6bed5614c930bb5b50c1d363d63664150b18c9,2026-10-02 23:14:18,commit bc6bed5614 | peano 22.0.0+0006955e | mlir_aie 1.4.4.dev73+g18ca6c1 | kernels 5726d482c21a | runtime CachedXRTRuntime | xdna 2.21.0_20260625 | xrt 2.21.0 | host docker-runner-ed1ea830e731 | device NPU Phoenix | pmode default,iron/operators/rms_norm/test.py::test_rms_norm,input_length_2048-num_aie_columns_1-num_channels_1-tile_size_2048-weighted_True,5/5,no,712.78,466.0,387.6,1710.1,559.9502718992106,0.0229273666,0.02636706,0.007185393,0.03170123,0.009337582807641803,,,,,
bc6bed5614c930bb5b50c1d363d63664150b18c9,2026-10-02 23:14:18,commit bc6bed5614 | peano 22.0.0+0006955e | mlir_aie 1.4.4.dev73+g18ca6c1 | kernels 5726d482c21a | runtime CachedXRTRuntime | xdna 2.21.0_20260625 | xrt 2.21.0 | host docker-runner-ed1ea830e731 | device NPU Phoenix | pmode default,iron/operators/rms_norm/test.py::test_rms_norm,input_length_2048-num_aie_columns_1-num_channels_2-tile_size_1024-weighted_False,5/5,no,349.94,380.9,227.8,515.3,118.72574699701828,0.025734838,0.02150656,0.01589723,0.03595837,0.00877369773076153,,,,,
bc6bed5614c930bb5b50c1d363d63664150b18c9,2026-10-02 23:14:18,commit bc6bed5614 | peano 22.0.0+0006955e | mlir_aie 1.4.4.dev73+g18ca6c1 | kernels 5726d482c21a | runtime CachedXRTRuntime | xdna 2.21.0_20260625 | xrt 2.21.0 | host docker-runner-ed1ea830e731 | device NPU Phoenix | pmode default,iron/operators/rms_norm/test.py::test_rms_norm,input_length_2048-num_aie_columns_1-num_channels_2-tile_size_1024-weighted_True,5/5,no,265.82,247.2,238.3,339.2,42.08446269111677,0.039187044,0.04142646,0.03018708,0.04297321,0.005257838140360541,,,,,
bc6bed5614c930bb5b50c1d363d63664150b18c9,2026-10-02 23:14:18,commit bc6bed5614 | peano 22.0.0+0006955e | mlir_aie 1.4.4.dev73+g18ca6c1 | kernels 5726d482c21a | runtime CachedXRTRuntime | xdna 2.21.0_20260625 | xrt 2.21.0 | host docker-runner-ed1ea830e731 | device NPU Phoenix | pmode default,iron/operators/rms_norm/test.py::test_rms_norm,input_length_2048-num_aie_columns_2-num_channels_1-tile_size_1024-weighted_False,5/5,no,373.04,402.4,227.9,521.7,118.73835942946157,0.02403913,0.02035806,0.01570158,0.03594433,0.008349119249292106,,,,,
bc6bed5614c930bb5b50c1d363d63664150b18c9,2026-10-02 23:14:18,commit bc6bed5614 | peano 22.0.0+0006955e | mlir_aie 1.4.4.dev73+g18ca6c1 | kernels 5726d482c21a | runtime CachedXRTRuntime | xdna 2.21.0_20260625 | xrt 2.21.0 | host docker-runner-ed1ea830e731 | device NPU Phoenix | pmode default,iron/operators/rms_norm/test.py::test_rms_norm,input_length_2048-num_aie_columns_2-num_channels_1-tile_size_1024-weighted_True,5/5,no,429.24,415.3,189.0,676.2,188.08443050927954,0.028865254,0.02465741,0.01514408,0.05417559,0.015412460415359711,,,,,
bc6bed5614c930bb5b50c1d363d63664150b18c9,2026-10-02 23:14:18,commit bc6bed5614 | peano 22.0.0+0006955e | mlir_aie 1.4.4.dev73+g18ca6c1 | kernels 5726d482c21a | runtime CachedXRTRuntime | xdna 2.21.0_20260625 | xrt 2.21.0 | host docker-runner-ed1ea830e731 | device NPU Phoenix | pmode default,iron/operators/rms_norm/test.py::test_rms_norm,input_length_2048-num_aie_columns_2-num_channels_2-tile_size_512-weighted_False,5/5,no,414.88,428.4,220.2,512.8,115.07828639669604,0.021670248,0.01912205,0.01597523,0.03720525,0.008799219103756879,,,,,
bc6bed5614c930bb5b50c1d363d63664150b18c9,2026-10-02 23:14:18,commit bc6bed5614 | peano 22.0.0+0006955e | mlir_aie 1.4.4.dev73+g18ca6c1 | kernels 5726d482c21a | runtime CachedXRTRuntime | xdna 2.21.0_20260625 | xrt 2.21.0 | host docker-runner-ed1ea830e731 | device NPU Phoenix | pmode default,iron/operators/rms_norm/test.py::test_rms_norm,input_length_2048-num_aie_columns_2-num_channels_2-tile_size_512-weighted_True,5/5,no,416.1,509.3,200.9,574.4,184.07105964816955,0.027202818,0.01809479,0.01604538,0.04586718,0.01439182133690764,,,,,
bc6bed5614c930bb5b50c1d363d63664150b18c9,2026-10-02 23:14:18,commit bc6bed5614 | peano 22.0.0+0006955e | mlir_aie 1.4.4.dev73+g18ca6c1 | kernels 5726d482c21a | runtime CachedXRTRuntime | xdna 2.21.0_20260625 | xrt 2.21.0 | host docker-runner-ed1ea830e731 | device NPU Phoenix | pmode default,iron/operators/rms_norm/test.py::test_rms_norm,input_length_2048-num_aie_columns_4-num_channels_1-tile_size_512-weighted_False,5/5,no,414.12,428.0,196.9,579.3,137.46429354563313,0.022546820000000002,0.01913952,0.01414172,0.041611,0.01086697864469007,,,,,
bc6bed5614c930bb5b50c1d363d63664150b18c9,2026-10-02 23:14:18,commit bc6bed5614 | peano 22.0.0+0006955e | mlir_aie 1.4.4.dev73+g18ca6c1 | kernels 5726d482c21a | runtime CachedXRTRuntime | xdna 2.21.0_20260625 | xrt 2.21.0 | host docker-runner-ed1ea830e731 | device NPU Phoenix | pmode default,iron/operators/rms_norm/test.py::test_rms_norm,input_length_2048-num_aie_columns_4-num_channels_1-tile_size_512-weighted_True,5/5,no,334.3,315.9,238.6,469.8,84.02032492200921,0.02888264,0.02917527,0.01961544,0.0386224,0.006751018765760468,,,,,
bc6bed5614c930bb5b50c1d363d63664150b18c9,2026-10-02 23:14:18,commit bc6bed5614 | peano 22.0.0+0006955e | mlir_aie 1.4.4.dev73+g18ca6c1 | kernels 5726d482c21a | runtime CachedXRTRuntime | xdna 2.21.0_20260625 | xrt 2.21.0 | host docker-runner-ed1ea830e731 | device NPU Phoenix | pmode default,iron/operators/rms_norm/test.py::test_rms_norm,input_length_2048-num_aie_columns_4-num_channels_2-tile_size_256-weighted_False,5/5,no,404.5,452.4,213.7,634.8,185.71163129971154,0.02471878,0.01810663,0.01290499,0.03833555,0.012448950285746987,,,,,
bc6bed5614c930bb5b50c1d363d63664150b18c9,2026-10-02 23:14:18,commit bc6bed5614 | peano 22.0.0+0006955e | mlir_aie 1.4.4.dev73+g18ca6c1 | kernels 5726d482c21a | runtime CachedXRTRuntime | xdna 2.21.0_20260625 | xrt 2.21.0 | host docker-runner-ed1ea830e731 | device NPU Phoenix | pmode default,iron/operators/rms_norm/test.py::test_rms_norm,input_length_8388608-num_aie_columns_2-num_channels_2-tile_size_4096-weighted_True,5/5,yes,3189.26,3921.8,1956.4,4093.4,1114.3810470391177,11.84726,8.557971,8.19913,17.15487,4.7373941504560815,,,,,
bc6bed5614c930bb5b50c1d363d63664150b18c9,2026-10-02 23:14:18,commit bc6bed5614 | peano 22.0.0+0006955e | mlir_aie 1.4.4.dev73+g18ca6c1 | kernels 5726d482c21a | runtime CachedXRTRuntime | xdna 2.21.0_20260625 | xrt 2.21.0 | host docker-runner-ed1ea830e731 | device NPU Phoenix | pmode default,iron/operators/rms_norm/test.py::test_rms_norm,input_length_8388608-num_aie_columns_4-num_channels_2-tile_size_4096-weighted_False,5/5,yes,2981.2,3794.7,1373.2,3945.9,1213.4070607178778,13.51209,8.842479,8.503531,24.43482,7.081338544754479,,,,,
bc6bed5614c930bb5b50c1d363d63664150b18c9,2026-10-02 23:14:18,commit bc6bed5614 | peano 22.0.0+0006955e | mlir_aie 1.4.4.dev73+g18ca6c1 | kernels 5726d482c21a | runtime CachedXRTRuntime | xdna 2.21.0_20260625 | xrt 2.21.0 | host docker-runner-ed1ea830e731 | device NPU Phoenix | pmode default,iron/operators/rope/test.py::test_rope,rows_32-cols_512-angle_rows_32-aie_columns_1-method_type_0,5/5,no,303.22,273.1,234.8,443.8,85.59820091567346,0.34213442,0.3600167,0.2214982,0.418739,0.08054260940267578,,,,,
bc6bed5614c930bb5b50c1d363d63664150b18c9,2026-10-02 23:14:18,commit bc6bed5614 | peano 22.0.0+0006955e | mlir_aie 1.4.4.dev73+g18ca6c1 | kernels 5726d482c21a | runtime CachedXRTRuntime | xdna 2.21.0_20260625 | xrt 2.21.0 | host docker-runner-ed1ea830e731 | device NPU Phoenix | pmode default,iron/operators/rope/test.py::test_rope,rows_32-cols_512-angle_rows_32-aie_columns_2-method_type_0,5/5,no,393.5,460.7,186.5,572.3,161.30350275180015,0.29747028000000003,0.2133861,0.1717773,0.5272094,0.15001143257992708,,,,,
bc6bed5614c930bb5b50c1d363d63664150b18c9,2026-10-02 23:14:18,commit bc6bed5614 | peano 22.0.0+0006955e | mlir_aie 1.4.4.dev73+g18ca6c1 | kernels 5726d482c21a | runtime CachedXRTRuntime | xdna 2.21.0_20260625 | xrt 2.21.0 | host docker-runner-ed1ea830e731 | device NPU Phoenix | pmode default,iron/operators/rope/test.py::test_rope,rows_32-cols_512-angle_rows_32-aie_columns_4-method_type_0,5/5,no,460.5,462.4,281.9,578.9,112.07999375446093,0.2269837,0.2126044,0.1697973,0.3487689,0.07074111783966239,,,,,
bc6bed5614c930bb5b50c1d363d63664150b18c9,2026-10-02 23:14:18,commit bc6bed5614 | peano 22.0.0+0006955e | mlir_aie 1.4.4.dev73+g18ca6c1 | kernels 5726d482c21a | runtime CachedXRTRuntime | xdna 2.21.0_20260625 | xrt 2.21.0 | host docker-runner-ed1ea830e731 | device NPU Phoenix | pmode default,iron/operators/rope/test.py::test_rope,rows_32-cols_512-angle_rows_8-aie_columns_1-method_type_0,5/5,no,319.74,249.3,234.2,564.4,139.27759331636943,0.25642623999999997,0.295765,0.1306349,0.3148603,0.07524886528545131,,,,,
bc6bed5614c930bb5b50c1d363d63664150b18c9,2026-10-02 23:14:18,commit bc6bed5614 | peano 22.0.0+0006955e | mlir_aie 1.4.4.dev73+g18ca6c1 | kernels 5726d482c21a | runtime CachedXRTRuntime | xdna 2.21.0_20260625 | xrt 2.21.0 | host docker-runner-ed1ea830e731 | device NPU Phoenix | pmode default,iron/operators/rope/test.py::test_rope,rows_32-cols_512-angle_rows_8-aie_columns_2-method_type_0,5/5,no,445.88,446.3,337.7,570.4,108.70700069452748,0.17366136,0.1651909,0.1292562,0.2183401,0.04289997600259236,,,,,
bc6bed5614c930bb5b50c1d363d63664150b18c9,2026-10-02 23:14:18,commit bc6bed5614 | peano 22.0.0+0006955e | mlir_aie 1.4.4.dev73+g18ca6c1 | kernels 5726d482c21a | runtime CachedXRTRuntime | xdna 2.21.0_20260625 | xrt 2.21.0 | host docker-runner-ed1ea830e731 | device NPU Phoenix | pmode default,iron/operators/rope/test.py::test_rope,rows_32-cols_512-angle_rows_8-aie_columns_4-method_type_0,5/5,no,455.85999999999996,476.2,281.8,656.3,167.90015783196867,0.18230152,0.1548173,0.112345,0.2616788,0.07087630269340381,,,,,
bc6bed5614c930bb5b50c1d363d63664150b18c9,2026-10-02 23:14:18,commit bc6bed5614 | peano 22.0.0+0006955e | mlir_aie 1.4.4.dev73+g18ca6c1 | kernels 5726d482c21a | runtime CachedXRTRuntime | xdna 2.21.0_20260625 | xrt 2.21.0 | host docker-runner-ed1ea830e731 | device NPU Phoenix | pmode default,iron/operators/rope/test.py::test_rope,rows_4096-cols_512-angle_rows_8-aie_columns_4-method_type_0,5/5,yes,785.66,791.5,527.5,1033.5,189.52168213689959,11.247160599999999,10.60915,8.124436,15.91714,2.970740575809473,,,,,
bc6bed5614c930bb5b50c1d363d63664150b18c9,2026-10-02 23:14:18,commit bc6bed5614 | peano 22.0.0+0006955e | mlir_aie 1.4.4.dev73+g18ca6c1 | kernels 5726d482c21a | runtime CachedXRTRuntime | xdna 2.21.0_20260625 | xrt 2.21.0 | host docker-runner-ed1ea830e731 | device NPU Phoenix | pmode default,iron/operators/sigmoid/test.py::test_sigmoid,input_length_2048-num_aie_columns_1-num_channels_1-tile_size_2048,5/5,no,402.82,409.3,238.2,485.3,98.84966868937903,0.021736972,0.02001564,0.01687878,0.034393,0.007233634666025095,,,,,
bc6bed5614c930bb5b50c1d363d63664150b18c9,2026-10-02 23:14:18,commit bc6bed5614 | peano 22.0.0+0006955e | mlir_aie 1.4.4.dev73+g18ca6c1 | kernels 5726d482c21a | runtime CachedXRTRuntime | xdna 2.21.0_20260625 | xrt 2.21.0 | host docker-runner-ed1ea830e731 | device NPU Phoenix | pmode default,iron/operators/sigmoid/test.py::test_sigmoid,input_length_2048-num_aie_columns_1-num_channels_2-tile_size_1024,5/5,no,253.06,263.1,212.4,286.5,33.48018817151421,0.03284351,0.03113704,0.02859047,0.03855984,0.004507647936085957,,,,,
bc6bed5614c930bb5b50c1d363d63664150b18c9,2026-10-02 23:14:18,commit bc6bed5614 | peano 22.0.0+0006955e | mlir_aie 1.4.4.dev73+g18ca6c1 | kernels 5726d482c21a | runtime CachedXRTRuntime | xdna 2.21.0_20260625 | xrt 2.21.0 | host docker-runner-ed1ea830e731 | device NPU Phoenix | pmode default,iron/operators/sigmoid/test.py::test_sigmoid,input_length_2048-num_aie_columns_2-num_channels_1-tile_size_1024,5/5,no,401.02,423.5,245.1,556.3,149.9587009813035,0.023199743999999998,0.01934416,0.01472465,0.03342841,0.00936917257182191,,,,,
bc6bed5614c930bb5b50c1d363d63664150b18c9,2026-10-02 23:14:18,commit bc6bed5614 | peano 22.0.0+0006955e | mlir_aie 1.4.4.dev73+g18ca6c1 | kernels 5726d482c21a | runtime CachedXRTRuntime | xdna 2.21.0_20260625 | xrt 2.21.0 | host docker-runner-ed1ea830e731 | device NPU Phoenix | pmode default,iron/operators/sigmoid/test.py::test_sigmoid,input_length_2048-num_aie_columns_2-num_channels_2-tile_size_512,5/5,no,391.16,453.8,228.5,522.1,137.0673666486666,0.023568894,0.01805384,0.01569192,0.03584963,0.00943159639232829,,,,,
bc6bed5614c930bb5b50c1d363d63664150b18c9,2026-10-02 23:14:18,commit bc6bed5614 | peano 22.0.0+0006955e | mlir_aie 1.4.4.dev73+g18ca6c1 | kernels 5726d482c21a | runtime CachedXRTRuntime | xdna 2.21.0_20260625 | xrt 2.21.0 | host docker-runner-ed1ea830e731 | device NPU Phoenix | pmode default,iron/operators/sigmoid/test.py::test_sigmoid,input_length_2048-num_aie_columns_4-num_channels_1-tile_size_512,5/5,no,421.3,443.3,239.5,556.6,119.5318576781939,0.021142492,0.01848113,0.01471909,0.03420874,0.007693876192158931,,,,,
bc6bed5614c930bb5b50c1d363d63664150b18c9,2026-10-02 23:14:18,commit bc6bed5614 | peano 22.0.0+0006955e | mlir_aie 1.4.4.dev73+g18ca6c1 | kernels 5726d482c21a | runtime CachedXRTRuntime | xdna 2.21.0_20260625 | xrt 2.21.0 | host docker-runner-ed1ea830e731 | device NPU Phoenix | pmode default,iron/operators/sigmoid/test.py::test_sigmoid,input_length_2048-num_aie_columns_4-num_channels_2-tile_size_256,5/5,no,481.92,499.6,322.8,719.4,163.09588284196508,0.01860255,0.01639679,0.01138674,0.02537582,0.006082444743189206,,,,,
bc6bed5614c930bb5b50c1d363d63664150b18c9,2026-10-02 23:14:18,commit bc6bed5614 | peano 22.0.0+0006955e | mlir_aie 1.4.4.dev73+g18ca6c1 | kernels 5726d482c21a | runtime CachedXRTRuntime | xdna 2.21.0_20260625 | xrt 2.21.0 | host docker-runner-ed1ea830e731 | device NPU Phoenix | pmode default,iron/operators/sigmoid/test.py::test_sigmoid,input_length_8388608-num_aie_columns_4-num_channels_2-tile_size_4096,5/5,yes,2442.68,1743.8,1719.3,3831.3,998.0314033135431,15.4758232,19.24257,8.758076,19.51675,5.354975125994629,,,,,
bc6bed5614c930bb5b50c1d363d63664150b18c9,2026-10-02 23:14:18,commit bc6bed5614 | peano 22.0.0+0006955e | mlir_aie 1.4.4.dev73+g18ca6c1 | kernels 5726d482c21a | runtime CachedXRTRuntime | xdna 2.21.0_20260625 | xrt 2.21.0 | host docker-runner-ed1ea830e731 | device NPU Phoenix | pmode default,iron/operators/silu/test.py::test_silu,input_length_2048-num_aie_columns_1-num_channels_1-tile_size_2048,5/5,no,363.04,338.2,298.5,424.1,56.146620557251715,0.02299677,0.02422192,0.01931497,0.02744104,0.003512959005873823,,,,,
bc6bed5614c930bb5b50c1d363d63664150b18c9,2026-10-02 23:14:18,commit bc6bed5614 | peano 22.0.0+0006955e | mlir_aie 1.4.4.dev73+g18ca6c1 | kernels 5726d482c21a | runtime CachedXRTRuntime | xdna 2.21.0_20260625 | xrt 2.21.0 | host docker-runner-ed1ea830e731 | device NPU Phoenix | pmode default,iron/operators/silu/test.py::test_silu,input_length_2048-num_aie_columns_2-num_channels_1-tile_size_1024,5/5,no,410.96,448.4,199.7,645.8,180.13462465611656,0.023884612,0.01826847,0.01268416,0.04102461,0.011776761228477465,,,,,
bc6bed5614c930bb5b50c1d363d63664150b18c9,2026-10-02 23:14:18,commit bc6bed5614 | peano 22.0.0+0006955e | mlir_aie 1.4.4.dev73+g18ca6c1 | kernels 5726d482c21a | runtime CachedXRTRuntime | xdna 2.21.0_20260625 | xrt 2.21.0 | host docker-runner-ed1ea830e731 | device NPU Phoenix | pmode default,iron/operators/silu/test.py::test_silu,input_length_2048-num_aie_columns_4-num_channels_1-tile_size_512,5/5,no,579.62,538.5,367.8,956.9,222.63152741694066,0.0155618514,0.01521254,0.008560987,0.02227346,0.004896948724304227,,,,,
bc6bed5614c930bb5b50c1d363d63664150b18c9,2026-10-02 23:14:18,commit bc6bed5614 | peano 22.0.0+0006955e | mlir_aie 1.4.4.dev73+g18ca6c1 | kernels 5726d482c21a | runtime CachedXRTRuntime | xdna 2.21.0_20260625 | xrt 2.21.0 | host docker-runner-ed1ea830e731 | device NPU Phoenix | pmode default,iron/operators/silu/test.py::test_silu,input_length_8388608-num_aie_columns_4-num_channels_1-tile_size_4096,5/5,yes,4448.8,4364.0,3812.5,5688.6,743.0759752542133,7.6928684,7.688973,5.898521,8.801137,1.1342380885496663,,,,,
bc6bed5614c930bb5b50c1d363d63664150b18c9,2026-10-02 23:14:18,commit bc6bed5614 | peano 22.0.0+0006955e | mlir_aie 1.4.4.dev73+g18ca6c1 | kernels 5726d482c21a | runtime CachedXRTRuntime | xdna 2.21.0_20260625 | xrt 2.21.0 | host docker-runner-ed1ea830e731 | device NPU Phoenix | pmode default,iron/operators/softmax/test.py::test_softmax,input_length_2097152-num_aie_columns_2-num_channels_2-tile_size_512,5/5,yes,2467.54,2017.9,1643.5,4293.8,1056.7348025876693,3.7900175999999997,4.157024,1.953662,5.104264,1.1779519718903226,,,,,
bc6bed5614c930bb5b50c1d363d63664150b18c9,2026-10-02 23:14:18,commit bc6bed5614 | peano 22.0.0+0006955e | mlir_aie 1.4.4.dev73+g18ca6c1 | kernels 5726d482c21a | runtime CachedXRTRuntime | xdna 2.21.0_20260625 | xrt 2.21.0 | host docker-runner-ed1ea830e731 | device NPU Phoenix | pmode default,iron/operators/softmax/test.py::test_softmax,input_length_32768-num_aie_columns_2-num_channels_2-tile_size_1024,5/5,no,449.41999999999996,504.2,208.0,586.8,145.0526180391102,0.33396404,0.2599505,0.2233811,0.6300599,0.16774711777383242,,,,,
bc6bed5614c930bb5b50c1d363d63664150b18c9,2026-10-02 23:14:18,commit bc6bed5614 | peano 22.0.0+0006955e | mlir_aie 1.4.4.dev73+g18ca6c1 | kernels 5726d482c21a | runtime CachedXRTRuntime | xdna 2.21.0_20260625 | xrt 2.21.0 | host docker-runner-ed1ea830e731 | device NPU Phoenix | pmode default,iron/operators/softmax/test.py::test_softmax,input_length_32768-num_aie_columns_2-num_channels_2-tile_size_2048,5/5,no,539.24,562.3,340.2,641.4,117.0186438137103,0.25575468,0.2331047,0.2043635,0.3853132,0.0736699837976567,,,,,
bc6bed5614c930bb5b50c1d363d63664150b18c9,2026-10-02 23:14:18,commit bc6bed5614 | peano 22.0.0+0006955e | mlir_aie 1.4.4.dev73+g18ca6c1 | kernels 5726d482c21a | runtime CachedXRTRuntime | xdna 2.21.0_20260625 | xrt 2.21.0 | host docker-runner-ed1ea830e731 | device NPU Phoenix | pmode default,iron/operators/softmax/test.py::test_softmax,input_length_32768-num_aie_columns_2-num_channels_2-tile_size_512,5/5,no,426.62,336.9,311.8,628.9,148.69625751847286,0.33562210000000003,0.3890959,0.2084203,0.4203505,0.10238026698275406,,,,,
bc6bed5614c930bb5b50c1d363d63664150b18c9,2026-10-02 23:14:18,commit bc6bed5614 | peano 22.0.0+0006955e | mlir_aie 1.4.4.dev73+g18ca6c1 | kernels 5726d482c21a | runtime CachedXRTRuntime | xdna 2.21.0_20260625 | xrt 2.21.0 | host docker-runner-ed1ea830e731 | device NPU Phoenix | pmode default,iron/operators/strided_copy/test.py::test_strided_copy,bench_flat_4mi,5/5,yes,2523.18,2014.2,1290.5,4090.2,1124.1154709370385,7.8185064,8.329349,4.101765,13.00099,3.4784488183916547,,,,,
bc6bed5614c930bb5b50c1d363d63664150b18c9,2026-10-02 23:14:18,commit bc6bed5614 | peano 22.0.0+0006955e | mlir_aie 1.4.4.dev73+g18ca6c1 | kernels 5726d482c21a | runtime CachedXRTRuntime | xdna 2.21.0_20260625 | xrt 2.21.0 | host docker-runner-ed1ea830e731 | device NPU Phoenix | pmode default,iron/operators/strided_copy/test.py::test_strided_copy,chunked_transfer,5/5,no,358.46,365.0,215.2,516.5,117.8665686274102,0.0125471854,0.01122204,0.007930899,0.01903478,0.004402082252951415,,,,,
bc6bed5614c930bb5b50c1d363d63664150b18c9,2026-10-02 23:14:18,commit bc6bed5614 | peano 22.0.0+0006955e | mlir_aie 1.4.4.dev73+g18ca6c1 | kernels 5726d482c21a | runtime CachedXRTRuntime | xdna 2.21.0_20260625 | xrt 2.21.0 | host docker-runner-ed1ea830e731 | device NPU Phoenix | pmode default,iron/operators/strided_copy/test.py::test_strided_copy,contiguous,5/5,no,304.02,259.8,190.6,553.6,146.36308277704458,0.0154942202,0.015763,0.007398831,0.02149364,0.00549670168661673,,,,,
bc6bed5614c930bb5b50c1d363d63664150b18c9,2026-10-02 23:14:18,commit bc6bed5614 | peano 22.0.0+0006955e | mlir_aie 1.4.4.dev73+g18ca6c1 | kernels 5726d482c21a | runtime CachedXRTRuntime | xdna 2.21.0_20260625 | xrt 2.21.0 | host docker-runner-ed1ea830e731 | device NPU Phoenix | pmode default,iron/operators/strided_copy/test.py::test_strided_copy,four_channels,5/5,no,369.18,345.3,195.6,562.6,156.2015108761756,0.0129595722,0.01186081,0.007280121,0.02094091,0.005713378715090065,,,,,
bc6bed5614c930bb5b50c1d363d63664150b18c9,2026-10-02 23:14:18,commit bc6bed5614 | peano 22.0.0+0006955e | mlir_aie 1.4.4.dev73+g18ca6c1 | kernels 5726d482c21a | runtime CachedXRTRuntime | xdna 2.21.0_20260625 | xrt 2.21.0 | host docker-runner-ed1ea830e731 | device NPU Phoenix | pmode default,iron/operators/strided_copy/test.py::test_strided_copy,kv_slot0,5/5,no,299.0,270.5,231.8,408.5,71.13557478505392,0.46024818,0.4883961,0.3233296,0.5697575,0.09817360870329153,,,,,
bc6bed5614c930bb5b50c1d363d63664150b18c9,2026-10-02 23:14:18,commit bc6bed5614 | peano 22.0.0+0006955e | mlir_aie 1.4.4.dev73+g18ca6c1 | kernels 5726d482c21a | runtime CachedXRTRuntime | xdna 2.21.0_20260625 | xrt 2.21.0 | host docker-runner-ed1ea830e731 | device NPU Phoenix | pmode default,iron/operators/strided_copy/test.py::test_strided_copy,kv_slot5,5/5,no,341.78,285.8,246.7,521.4,110.68408648039699,0.41472632000000004,0.4621197,0.253373,0.5353782,0.11115934679826524,,,,,
bc6bed5614c930bb5b50c1d363d63664150b18c9,2026-10-02 23:14:18,commit bc6bed5614 | peano 22.0.0+0006955e | mlir_aie 1.4.4.dev73+g18ca6c1 | kernels 5726d482c21a | runtime CachedXRTRuntime | xdna 2.21.0_20260625 | xrt 2.21.0 | host docker-runner-ed1ea830e731 | device NPU Phoenix | pmode default,iron/operators/strided_copy/test.py::test_strided_copy,kv_slot5_four_channels,5/5,no,690.12,281.9,270.0,2092.9,791.8304566004014,0.349730634,0.4686582,0.06311667,0.4893206,0.18862192695636495,,,,,
bc6bed5614c930bb5b50c1d363d63664150b18c9,2026-10-02 23:14:18,commit bc6bed5614 | peano 22.0.0+0006955e | mlir_aie 1.4.4.dev73+g18ca6c1 | kernels 5726d482c21a | runtime CachedXRTRuntime | xdna 2.21.0_20260625 | xrt 2.21.0 | host docker-runner-ed1ea830e731 | device NPU Phoenix | pmode default,iron/operators/strided_copy/test.py::test_strided_copy,kv_slot5_two_channels,5/5,no,388.26,361.4,226.3,551.9,139.21836444952223,0.37987662,0.3654714,0.2393312,0.5836021,0.14239809284971833,,,,,
bc6bed5614c930bb5b50c1d363d63664150b18c9,2026-10-02 23:14:18,commit bc6bed5614 | peano 22.0.0+0006955e | mlir_aie 1.4.4.dev73+g18ca6c1 | kernels 5726d482c21a | runtime CachedXRTRuntime | xdna 2.21.0_20260625 | xrt 2.21.0 | host docker-runner-ed1ea830e731 | device NPU Phoenix | pmode default,iron/operators/strided_copy/test.py::test_strided_copy,kv_slot_last,5/5,no,417.78,516.4,181.2,552.4,170.8592754286404,0.38379256,0.2557963,0.2391142,0.7292078,0.2132321834589305,,,,,
bc6bed5614c930bb5b50c1d363d63664150b18c9,2026-10-02 23:14:18,commit bc6bed5614 | peano 22.0.0+0006955e | mlir_aie 1.4.4.dev73+g18ca6c1 | kernels 5726d482c21a | runtime CachedXRTRuntime | xdna 2.21.0_20260625 | xrt 2.21.0 | host docker-runner-ed1ea830e731 | device NPU Phoenix | pmode default,iron/operators/strided_copy/test.py::test_strided_copy,two_channels,5/5,no,266.94,279.5,180.3,370.9,74.28073774539398,0.016349704,0.01465238,0.01104436,0.0227153,0.004624018065095551,,,,,
bc6bed5614c930bb5b50c1d363d63664150b18c9,2026-10-02 23:14:18,commit bc6bed5614 | peano 22.0.0+0006955e | mlir_aie 1.4.4.dev73+g18ca6c1 | kernels 5726d482c21a | runtime CachedXRTRuntime | xdna 2.21.0_20260625 | xrt 2.21.0 | host docker-runner-ed1ea830e731 | device NPU Phoenix | pmode default,iron/operators/strided_copy/test.py::test_strided_copy,two_channels_chunked,5/5,no,342.06,292.1,212.4,481.9,128.93468501532084,0.0134039696,0.01402072,0.008499936,0.01928446,0.004817604281531931,,,,,
bc6bed5614c930bb5b50c1d363d63664150b18c9,2026-10-02 23:14:18,commit bc6bed5614 | peano 22.0.0+0006955e | mlir_aie 1.4.4.dev73+g18ca6c1 | kernels 5726d482c21a | runtime CachedXRTRuntime | xdna 2.21.0_20260625 | xrt 2.21.0 | host docker-runner-ed1ea830e731 | device NPU Phoenix | pmode default,iron/operators/strided_copy/test.py::test_transfer_size_not_dividing_per_channel_share_is_rejected,iter0,1/1,no,,,,,,,,,,,,,,,
bc6bed5614c930bb5b50c1d363d63664150b18c9,2026-10-02 23:14:18,commit bc6bed5614 | peano 22.0.0+0006955e | mlir_aie 1.4.4.dev73+g18ca6c1 | kernels 5726d482c21a | runtime CachedXRTRuntime | xdna 2.21.0_20260625 | xrt 2.21.0 | host docker-runner-ed1ea830e731 | device NPU Phoenix | pmode default,iron/operators/strided_copy/test.py::test_transfer_size_not_dividing_per_channel_share_is_rejected,iter1,1/1,no,,,,,,,,,,,,,,,
bc6bed5614c930bb5b50c1d363d63664150b18c9,2026-10-02 23:14:18,commit bc6bed5614 | peano 22.0.0+0006955e | mlir_aie 1.4.4.dev73+g18ca6c1 | kernels 5726d482c21a | runtime CachedXRTRuntime | xdna 2.21.0_20260625 | xrt 2.21.0 | host docker-runner-ed1ea830e731 | device NPU Phoenix | pmode default,iron/operators/strided_copy/test.py::test_transfer_size_not_dividing_per_channel_share_is_rejected,iter2,1/1,no,,,,,,,,,,,,,,,
bc6bed5614c930bb5b50c1d363d63664150b18c9,2026-10-02 23:14:18,commit bc6bed5614 | peano 22.0.0+0006955e | mlir_aie 1.4.4.dev73+g18ca6c1 | kernels 5726d482c21a | runtime CachedXRTRuntime | xdna 2.21.0_20260625 | xrt 2.21.0 | host docker-runner-ed1ea830e731 | device NPU Phoenix | pmode default,iron/operators/strided_copy/test.py::test_transfer_size_not_dividing_per_channel_share_is_rejected,iter3,1/1,no,,,,,,,,,,,,,,,
bc6bed5614c930bb5b50c1d363d63664150b18c9,2026-10-02 23:14:18,commit bc6bed5614 | peano 22.0.0+0006955e | mlir_aie 1.4.4.dev73+g18ca6c1 | kernels 5726d482c21a | runtime CachedXRTRuntime | xdna 2.21.0_20260625 | xrt 2.21.0 | host docker-runner-ed1ea830e731 | device NPU Phoenix | pmode default,iron/operators/strided_copy/test.py::test_transfer_size_not_dividing_per_channel_share_is_rejected,iter4,1/1,no,,,,,,,,,,,,,,,
bc6bed5614c930bb5b50c1d363d63664150b18c9,2026-10-02 23:14:18,commit bc6bed5614 | peano 22.0.0+0006955e | mlir_aie 1.4.4.dev73+g18ca6c1 | kernels 5726d482c21a | runtime CachedXRTRuntime | xdna 2.21.0_20260625 | xrt 2.21.0 | host docker-runner-ed1ea830e731 | device NPU Phoenix | pmode default,iron/operators/swiglu_decode/test.py::test_swiglu_decode,embedding_dim_1024-hidden_dim_3584,5/5,yes,12175.02,11251.78,5852.81,21208.15,6653.5964796116095,0.00044,0.0004,0.0002,0.0007,0.00025099800796022265,,,,,
bc6bed5614c930bb5b50c1d363d63664150b18c9,2026-10-02 23:14:18,commit bc6bed5614 | peano 22.0.0+0006955e | mlir_aie 1.4.4.dev73+g18ca6c1 | kernels 5726d482c21a | runtime CachedXRTRuntime | xdna 2.21.0_20260625 | xrt 2.21.0 | host docker-runner-ed1ea830e731 | device NPU Phoenix | pmode default,iron/operators/swiglu_decode/test.py::test_swiglu_decode,embedding_dim_2048-hidden_dim_2048,5/5,yes,17227.292,18375.53,7116.59,21895.31,5941.932494258076,0.00058,0.0004,0.0004,0.0012,0.0003492849839314596,,,,,
bc6bed5614c930bb5b50c1d363d63664150b18c9,2026-10-02 23:14:18,commit bc6bed5614 | peano 22.0.0+0006955e | mlir_aie 1.4.4.dev73+g18ca6c1 | kernels 5726d482c21a | runtime CachedXRTRuntime | xdna 2.21.0_20260625 | xrt 2.21.0 | host docker-runner-ed1ea830e731 | device NPU Phoenix | pmode default,iron/operators/swiglu_prefill/test.py::test_swiglu_prefill,seq_len_256-embedding_dim_2048-hidden_dim_2048-prio_accuracy_False-b_col_maj_False,5/5,yes,23728.506,23733.23,16830.43,29008.41,4567.5652534014225,0.09144000000000001,0.0884,0.0723,0.1246,0.020116237222701467,,,,,
bc6bed5614c930bb5b50c1d363d63664150b18c9,2026-10-02 23:14:18,commit bc6bed5614 | peano 22.0.0+0006955e | mlir_aie 1.4.4.dev73+g18ca6c1 | kernels 5726d482c21a | runtime CachedXRTRuntime | xdna 2.21.0_20260625 | xrt 2.21.0 | host docker-runner-ed1ea830e731 | device NPU Phoenix | pmode default,iron/operators/swiglu_prefill/test.py::test_swiglu_prefill,seq_len_256-embedding_dim_2048-hidden_dim_2048-prio_accuracy_False-b_col_maj_True,5/5,yes,19173.002,19417.2,13627.38,24110.09,3953.0836473024456,0.11354,0.108,0.087,0.1539,0.025649327476563597,,,,,
bc6bed5614c930bb5b50c1d363d63664150b18c9,2026-10-02 23:14:18,commit bc6bed5614 | peano 22.0.0+0006955e | mlir_aie 1.4.4.dev73+g18ca6c1 | kernels 5726d482c21a | runtime CachedXRTRuntime | xdna 2.21.0_20260625 | xrt 2.21.0 | host docker-runner-ed1ea830e731 | device NPU Phoenix | pmode default,iron/operators/swiglu_prefill/test.py::test_weight_layout_reaches_both_gemms,b_col_maj_False,5/5,no,,,,,,,,,,,,,,,
bc6bed5614c930bb5b50c1d363d63664150b18c9,2026-10-02 23:14:18,commit bc6bed5614 | peano 22.0.0+0006955e | mlir_aie 1.4.4.dev73+g18ca6c1 | kernels 5726d482c21a | runtime CachedXRTRuntime | xdna 2.21.0_20260625 | xrt 2.21.0 | host docker-runner-ed1ea830e731 | device NPU Phoenix | pmode default,iron/operators/swiglu_prefill/test.py::test_weight_layout_reaches_both_gemms,b_col_maj_True,5/5,no,,,,,,,,,,,,,,,
bc6bed5614c930bb5b50c1d363d63664150b18c9,2026-10-02 23:14:18,commit bc6bed5614 | peano 22.0.0+0006955e | mlir_aie 1.4.4.dev73+g18ca6c1 | kernels 5726d482c21a | runtime CachedXRTRuntime | xdna 2.21.0_20260625 | xrt 2.21.0 | host docker-runner-ed1ea830e731 | device NPU Phoenix | pmode default,iron/operators/tanh/test.py::test_tanh,input_length_2048-num_aie_columns_1-num_channels_1-tile_size_2048,5/5,no,267.62,236.3,173.4,428.9,96.06558697056921,0.033366444,0.03466721,0.01909838,0.04725263,0.01006914230157564,,,,,
bc6bed5614c930bb5b50c1d363d63664150b18c9,2026-10-02 23:14:18,commit bc6bed5614 | peano 22.0.0+0006955e | mlir_aie 1.4.4.dev73+g18ca6c1 | kernels 5726d482c21a | runtime CachedXRTRuntime | xdna 2.21.0_20260625 | xrt 2.21.0 | host docker-runner-ed1ea830e731 | device NPU Phoenix | pmode default,iron/operators/tanh/test.py::test_tanh,input_length_2048-num_aie_columns_1-num_channels_2-tile_size_1024,5/5,no,432.02000000000004,458.4,274.1,555.7,103.09402019515973,0.020047098,0.01787078,0.01474057,0.02988625,0.005817715981729428,,,,,
bc6bed5614c930bb5b50c1d363d63664150b18c9,2026-10-02 23:14:18,commit bc6bed5614 | peano 22.0.0+0006955e | mlir_aie 1.4.4.dev73+g18ca6c1 | kernels 5726d482c21a | runtime CachedXRTRuntime | xdna 2.21.0_20260625 | xrt 2.21.0 | host docker-runner-ed1ea830e731 | device NPU Phoenix | pmode default,iron/operators/tanh/test.py::test_tanh,input_length_2048-num_aie_columns_2-num_channels_1-tile_size_1024,5/5,no,334.64,269.5,225.9,519.4,120.78179912553048,0.026825314,0.03039286,0.01577244,0.03626624,0.008303762011075463,,,,,
bc6bed5614c930bb5b50c1d363d63664150b18c9,2026-10-02 23:14:18,commit bc6bed5614 | peano 22.0.0+0006955e | mlir_aie 1.4.4.dev73+g18ca6c1 | kernels 5726d482c21a | runtime CachedXRTRuntime | xdna 2.21.0_20260625 | xrt 2.21.0 | host docker-runner-ed1ea830e731 | device NPU Phoenix | pmode default,iron/operators/tanh/test.py::test_tanh,input_length_2048-num_aie_columns_2-num_channels_2-tile_size_512,5/5,no,437.26,478.5,197.4,548.1,140.57379912344976,0.021578218,0.01711909,0.01494561,0.04150118,0.011230144713527516,,,,,
bc6bed5614c930bb5b50c1d363d63664150b18c9,2026-10-02 23:14:18,commit bc6bed5614 | peano 22.0.0+0006955e | mlir_aie 1.4.4.dev73+g18ca6c1 | kernels 5726d482c21a | runtime CachedXRTRuntime | xdna 2.21.0_20260625 | xrt 2.21.0 | host docker-runner-ed1ea830e731 | device NPU Phoenix | pmode default,iron/operators/tanh/test.py::test_tanh,input_length_2048-num_aie_columns_4-num_channels_1-tile_size_512,5/5,no,484.62,493.7,275.7,631.3,145.29539566001395,0.01849282,0.01659411,0.01297646,0.02971572,0.006818516570497575,,,,,
bc6bed5614c930bb5b50c1d363d63664150b18c9,2026-10-02 23:14:18,commit bc6bed5614 | peano 22.0.0+0006955e | mlir_aie 1.4.4.dev73+g18ca6c1 | kernels 5726d482c21a | runtime CachedXRTRuntime | xdna 2.21.0_20260625 | xrt 2.21.0 | host docker-runner-ed1ea830e731 | device NPU Phoenix | pmode default,iron/operators/tanh/test.py::test_tanh,input_length_2048-num_aie_columns_4-num_channels_2-tile_size_256,5/5,no,471.02,463.2,291.3,651.6,169.4539819538036,0.019441614,0.01768673,0.01257144,0.02812144,0.007230306817171039,,,,,
bc6bed5614c930bb5b50c1d363d63664150b18c9,2026-10-02 23:14:18,commit bc6bed5614 | peano 22.0.0+0006955e | mlir_aie 1.4.4.dev73+g18ca6c1 | kernels 5726d482c21a | runtime CachedXRTRuntime | xdna 2.21.0_20260625 | xrt 2.21.0 | host docker-runner-ed1ea830e731 | device NPU Phoenix | pmode default,iron/operators/tanh/test.py::test_tanh,input_length_8388608-num_aie_columns_4-num_channels_2-tile_size_4096,5/5,yes,3545.26,4026.5,1384.6,4566.0,1248.4690196396546,11.4559708,8.333434,7.348792,24.23359,7.170370006332253,,,,,
bc6bed5614c930bb5b50c1d363d63664150b18c9,2026-10-02 23:14:18,commit bc6bed5614 | peano 22.0.0+0006955e | mlir_aie 1.4.4.dev73+g18ca6c1 | kernels 5726d482c21a | runtime CachedXRTRuntime | xdna 2.21.0_20260625 | xrt 2.21.0 | host docker-runner-ed1ea830e731 | device NPU Phoenix | pmode default,iron/operators/transpose/test.py::test_a_dimension_that_floors_to_zero_is_refused_by_name,M_2048-N_128-aie_columns_8-channels_1-m_256-n_32-bad_num_aie_columns,5/5,no,,,,,,,,,,,,,,,
bc6bed5614c930bb5b50c1d363d63664150b18c9,2026-10-02 23:14:18,commit bc6bed5614 | peano 22.0.0+0006955e | mlir_aie 1.4.4.dev73+g18ca6c1 | kernels 5726d482c21a | runtime CachedXRTRuntime | xdna 2.21.0_20260625 | xrt 2.21.0 | host docker-runner-ed1ea830e731 | device NPU Phoenix | pmode default,iron/operators/transpose/test.py::test_a_dimension_that_floors_to_zero_is_refused_by_name,M_256-N_2048-aie_columns_1-channels_2-m_256-n_32-bad_num_channels,5/5,no,,,,,,,,,,,,,,,
bc6bed5614c930bb5b50c1d363d63664150b18c9,2026-10-02 23:14:18,commit bc6bed5614 | peano 22.0.0+0006955e | mlir_aie 1.4.4.dev73+g18ca6c1 | kernels 5726d482c21a | runtime CachedXRTRuntime | xdna 2.21.0_20260625 | xrt 2.21.0 | host docker-runner-ed1ea830e731 | device NPU Phoenix | pmode default,iron/operators/transpose/test.py::test_a_tiling_that_fits_is_still_accepted,aie_columns_1,5/5,no,,,,,,,,,,,,,,,
bc6bed5614c930bb5b50c1d363d63664150b18c9,2026-10-02 23:14:18,commit bc6bed5614 | peano 22.0.0+0006955e | mlir_aie 1.4.4.dev73+g18ca6c1 | kernels 5726d482c21a | runtime CachedXRTRuntime | xdna 2.21.0_20260625 | xrt 2.21.0 | host docker-runner-ed1ea830e731 | device NPU Phoenix | pmode default,iron/operators/transpose/test.py::test_a_tiling_that_fits_is_still_accepted,aie_columns_2,5/5,no,,,,,,,,,,,,,,,
bc6bed5614c930bb5b50c1d363d63664150b18c9,2026-10-02 23:14:18,commit bc6bed5614 | peano 22.0.0+0006955e | mlir_aie 1.4.4.dev73+g18ca6c1 | kernels 5726d482c21a | runtime CachedXRTRuntime | xdna 2.21.0_20260625 | xrt 2.21.0 | host docker-runner-ed1ea830e731 | device NPU Phoenix | pmode default,iron/operators/transpose/test.py::test_a_tiling_that_fits_is_still_accepted,aie_columns_4,5/5,no,,,,,,,,,,,,,,,
bc6bed5614c930bb5b50c1d363d63664150b18c9,2026-10-02 23:14:18,commit bc6bed5614 | peano 22.0.0+0006955e | mlir_aie 1.4.4.dev73+g18ca6c1 | kernels 5726d482c21a | runtime CachedXRTRuntime | xdna 2.21.0_20260625 | xrt 2.21.0 | host docker-runner-ed1ea830e731 | device NPU Phoenix | pmode default,iron/operators/transpose/test.py::test_transpose,M_2048-N_64-aie_columns_1-channels_1-m_64-n_64-s_8-num_batches_1,5/5,no,1212.78,690.8,606.5,3416.9,1232.711396475266,0.66661614,0.7589588,0.1534411,0.8644756,0.2905736937419886,,,,,
bc6bed5614c930bb5b50c1d363d63664150b18c9,2026-10-02 23:14:18,commit bc6bed5614 | peano 22.0.0+0006955e | mlir_aie 1.4.4.dev73+g18ca6c1 | kernels 5726d482c21a | runtime CachedXRTRuntime | xdna 2.21.0_20260625 | xrt 2.21.0 | host docker-runner-ed1ea830e731 | device NPU Phoenix | pmode default,iron/operators/transpose/test.py::test_transpose,M_2048-N_64-aie_columns_1-channels_1-m_64-n_64-s_8-num_batches_2,5/5,no,1089.68,568.4,487.7,3278.8,1224.6512470903706,1.62206202,1.844756,0.3198061,2.150052,0.7468064625106708,,,,,
bc6bed5614c930bb5b50c1d363d63664150b18c9,2026-10-02 23:14:18,commit bc6bed5614 | peano 22.0.0+0006955e | mlir_aie 1.4.4.dev73+g18ca6c1 | kernels 5726d482c21a | runtime CachedXRTRuntime | xdna 2.21.0_20260625 | xrt 2.21.0 | host docker-runner-ed1ea830e731 | device NPU Phoenix | pmode default,iron/operators/transpose/test.py::test_transpose,M_2048-N_64-aie_columns_1-channels_2-m_64-n_64-s_8-num_batches_1,5/5,no,561.08,512.5,474.5,700.2,93.20923773961465,0.95378612,1.022993,0.7487507,1.105016,0.14634719185350636,,,,,
bc6bed5614c930bb5b50c1d363d63664150b18c9,2026-10-02 23:14:18,commit bc6bed5614 | peano 22.0.0+0006955e | mlir_aie 1.4.4.dev73+g18ca6c1 | kernels 5726d482c21a | runtime CachedXRTRuntime | xdna 2.21.0_20260625 | xrt 2.21.0 | host docker-runner-ed1ea830e731 | device NPU Phoenix | pmode default,iron/operators/transpose/test.py::test_transpose,M_8192-N_512-aie_columns_4-channels_2-m_64-n_64-s_8-num_batches_1,5/5,yes,3464.36,3899.6,2688.2,4112.8,699.252621017612,5.0180614,4.302296,4.079274,6.240953,1.0865372922681025,,,,,
