Commit,Date,Provenance,Test Path,Test,Checks,Bench,TTFT (mean),TTFT (median),TTFT (min),TTFT (max),TTFT (stddev),TPS (mean),TPS (median),TPS (min),TPS (max),TPS (stddev),PrefillKL (mean),PrefillKL (median),PrefillKL (min),PrefillKL (max),PrefillKL (stddev),DecodeMaxKL (mean),DecodeMaxKL (median),DecodeMaxKL (min),DecodeMaxKL (max),DecodeMaxKL (stddev),Top1Mismatches (mean),Top1Mismatches (median),Top1Mismatches (min),Top1Mismatches (max),Top1Mismatches (stddev),DifferingRuns (mean),DifferingRuns (median),DifferingRuns (min),DifferingRuns (max),DifferingRuns (stddev)
b73e3f8bb6cdcd6e15cc8ad70e6845dc4807ceec,2026-10-03 23:13:18,commit b73e3f8bb6 | peano 22.0.0+0006955e | mlir_aie 1.4.4.dev73+g18ca6c1 | kernels 5726d482c21a | runtime CachedXRTRuntime | xdna 2.21.0_20260625 | xrt 2.21.0 | host docker-runner-5d71ce1b6e30 | device NPU Krackan 1 | pmode default,iron/applications/gemma4_flm/test.py::test_iron_matches_engine,iter0,1/1,no,,,,,,,,,,,,,,,,,,,,,,,,,,,,,,
b73e3f8bb6cdcd6e15cc8ad70e6845dc4807ceec,2026-10-03 23:13:18,commit b73e3f8bb6 | peano 22.0.0+0006955e | mlir_aie 1.4.4.dev73+g18ca6c1 | kernels 5726d482c21a | runtime CachedXRTRuntime | xdna 2.21.0_20260625 | xrt 2.21.0 | host docker-runner-5d71ce1b6e30 | device NPU Krackan 1 | pmode default,iron/applications/gemma4_flm/test.py::test_iron_matches_engine,iter1,1/1,no,,,,,,,,,,,,,,,,,,,,,,,,,,,,,,
b73e3f8bb6cdcd6e15cc8ad70e6845dc4807ceec,2026-10-03 23:13:18,commit b73e3f8bb6 | peano 22.0.0+0006955e | mlir_aie 1.4.4.dev73+g18ca6c1 | kernels 5726d482c21a | runtime CachedXRTRuntime | xdna 2.21.0_20260625 | xrt 2.21.0 | host docker-runner-5d71ce1b6e30 | device NPU Krackan 1 | pmode default,iron/applications/gemma4_flm/test.py::test_iron_matches_engine,iter2,1/1,no,,,,,,,,,,,,,,,,,,,,,,,,,,,,,,
b73e3f8bb6cdcd6e15cc8ad70e6845dc4807ceec,2026-10-03 23:13:18,commit b73e3f8bb6 | peano 22.0.0+0006955e | mlir_aie 1.4.4.dev73+g18ca6c1 | kernels 5726d482c21a | runtime CachedXRTRuntime | xdna 2.21.0_20260625 | xrt 2.21.0 | host docker-runner-5d71ce1b6e30 | device NPU Krackan 1 | pmode default,iron/applications/gemma4_flm/test.py::test_iron_matches_engine,iter3,1/1,no,,,,,,,,,,,,,,,,,,,,,,,,,,,,,,
b73e3f8bb6cdcd6e15cc8ad70e6845dc4807ceec,2026-10-03 23:13:18,commit b73e3f8bb6 | peano 22.0.0+0006955e | mlir_aie 1.4.4.dev73+g18ca6c1 | kernels 5726d482c21a | runtime CachedXRTRuntime | xdna 2.21.0_20260625 | xrt 2.21.0 | host docker-runner-5d71ce1b6e30 | device NPU Krackan 1 | pmode default,iron/applications/gemma4_flm/test.py::test_iron_matches_engine,iter4,1/1,no,,,,,,,,,,,,,,,,,,,,,,,,,,,,,,
b73e3f8bb6cdcd6e15cc8ad70e6845dc4807ceec,2026-10-03 23:13:18,commit b73e3f8bb6 | peano 22.0.0+0006955e | mlir_aie 1.4.4.dev73+g18ca6c1 | kernels 5726d482c21a | runtime CachedXRTRuntime | xdna 2.21.0_20260625 | xrt 2.21.0 | host docker-runner-5d71ce1b6e30 | device NPU Krackan 1 | pmode default,iron/applications/llama_3.2_1b/test.py::test_llama_3_2_1b,llama_3.2_1b_prompt_1024_tokens_1,5/5,yes,2.0494,2.048,2.042,2.058,0.006542170893518426,,,,,,,,,,,,,,,,,,,,,,,,,
b73e3f8bb6cdcd6e15cc8ad70e6845dc4807ceec,2026-10-03 23:13:18,commit b73e3f8bb6 | peano 22.0.0+0006955e | mlir_aie 1.4.4.dev73+g18ca6c1 | kernels 5726d482c21a | runtime CachedXRTRuntime | xdna 2.21.0_20260625 | xrt 2.21.0 | host docker-runner-5d71ce1b6e30 | device NPU Krackan 1 | pmode default,iron/applications/llama_3.2_1b/test.py::test_llama_3_2_1b,llama_3.2_1b_prompt_1024_tokens_40,5/5,yes,2.0882,2.064,2.057,2.193,0.058708602436099606,7.648,7.642,7.633,7.684,0.020676073128135374,,,,,,,,,,,,,,,,,,,,
b73e3f8bb6cdcd6e15cc8ad70e6845dc4807ceec,2026-10-03 23:13:18,commit b73e3f8bb6 | peano 22.0.0+0006955e | mlir_aie 1.4.4.dev73+g18ca6c1 | kernels 5726d482c21a | runtime CachedXRTRuntime | xdna 2.21.0_20260625 | xrt 2.21.0 | host docker-runner-5d71ce1b6e30 | device NPU Krackan 1 | pmode default,iron/applications/llama_3.2_1b/test.py::test_llama_3_2_1b,llama_3.2_1b_prompt_13_tokens_1,5/5,yes,2.009,2.01,1.992,2.023,0.013928388277184104,,,,,,,,,,,,,,,,,,,,,,,,,
b73e3f8bb6cdcd6e15cc8ad70e6845dc4807ceec,2026-10-03 23:13:18,commit b73e3f8bb6 | peano 22.0.0+0006955e | mlir_aie 1.4.4.dev73+g18ca6c1 | kernels 5726d482c21a | runtime CachedXRTRuntime | xdna 2.21.0_20260625 | xrt 2.21.0 | host docker-runner-5d71ce1b6e30 | device NPU Krackan 1 | pmode default,iron/applications/llama_3.2_1b/test.py::test_llama_3_2_1b,llama_3.2_1b_prompt_13_tokens_40,5/5,yes,2.009,2.009,1.995,2.025,0.01240967364599076,7.6012,7.612,7.57,7.617,0.02009228707738368,,,,,,,,,,,,,,,,,,,,
b73e3f8bb6cdcd6e15cc8ad70e6845dc4807ceec,2026-10-03 23:13:18,commit b73e3f8bb6 | peano 22.0.0+0006955e | mlir_aie 1.4.4.dev73+g18ca6c1 | kernels 5726d482c21a | runtime CachedXRTRuntime | xdna 2.21.0_20260625 | xrt 2.21.0 | host docker-runner-5d71ce1b6e30 | device NPU Krackan 1 | pmode default,iron/applications/llama_3.2_1b/test.py::test_llama_3_2_1b_accuracy,iter0,1/1,no,,,,,,,,,,,0.013439,0.013439,0.013439,0.013439,0.0,0.013988,0.013988,0.013988,0.013988,0.0,0.0,0.0,0.0,0.0,0.0,,,,,
b73e3f8bb6cdcd6e15cc8ad70e6845dc4807ceec,2026-10-03 23:13:18,commit b73e3f8bb6 | peano 22.0.0+0006955e | mlir_aie 1.4.4.dev73+g18ca6c1 | kernels 5726d482c21a | runtime CachedXRTRuntime | xdna 2.21.0_20260625 | xrt 2.21.0 | host docker-runner-5d71ce1b6e30 | device NPU Krackan 1 | pmode default,iron/applications/llama_3.2_1b/test.py::test_llama_3_2_1b_accuracy,iter1,1/1,no,,,,,,,,,,,0.013439,0.013439,0.013439,0.013439,0.0,0.013988,0.013988,0.013988,0.013988,0.0,0.0,0.0,0.0,0.0,0.0,,,,,
b73e3f8bb6cdcd6e15cc8ad70e6845dc4807ceec,2026-10-03 23:13:18,commit b73e3f8bb6 | peano 22.0.0+0006955e | mlir_aie 1.4.4.dev73+g18ca6c1 | kernels 5726d482c21a | runtime CachedXRTRuntime | xdna 2.21.0_20260625 | xrt 2.21.0 | host docker-runner-5d71ce1b6e30 | device NPU Krackan 1 | pmode default,iron/applications/llama_3.2_1b/test.py::test_llama_3_2_1b_accuracy,iter2,1/1,no,,,,,,,,,,,0.013439,0.013439,0.013439,0.013439,0.0,0.013988,0.013988,0.013988,0.013988,0.0,0.0,0.0,0.0,0.0,0.0,,,,,
b73e3f8bb6cdcd6e15cc8ad70e6845dc4807ceec,2026-10-03 23:13:18,commit b73e3f8bb6 | peano 22.0.0+0006955e | mlir_aie 1.4.4.dev73+g18ca6c1 | kernels 5726d482c21a | runtime CachedXRTRuntime | xdna 2.21.0_20260625 | xrt 2.21.0 | host docker-runner-5d71ce1b6e30 | device NPU Krackan 1 | pmode default,iron/applications/llama_3.2_1b/test.py::test_llama_3_2_1b_accuracy,iter3,1/1,no,,,,,,,,,,,0.013439,0.013439,0.013439,0.013439,0.0,0.013988,0.013988,0.013988,0.013988,0.0,0.0,0.0,0.0,0.0,0.0,,,,,
b73e3f8bb6cdcd6e15cc8ad70e6845dc4807ceec,2026-10-03 23:13:18,commit b73e3f8bb6 | peano 22.0.0+0006955e | mlir_aie 1.4.4.dev73+g18ca6c1 | kernels 5726d482c21a | runtime CachedXRTRuntime | xdna 2.21.0_20260625 | xrt 2.21.0 | host docker-runner-5d71ce1b6e30 | device NPU Krackan 1 | pmode default,iron/applications/llama_3.2_1b/test.py::test_llama_3_2_1b_accuracy,iter4,1/1,no,,,,,,,,,,,0.013439,0.013439,0.013439,0.013439,0.0,0.013988,0.013988,0.013988,0.013988,0.0,0.0,0.0,0.0,0.0,0.0,,,,,
b73e3f8bb6cdcd6e15cc8ad70e6845dc4807ceec,2026-10-03 23:13:18,commit b73e3f8bb6 | peano 22.0.0+0006955e | mlir_aie 1.4.4.dev73+g18ca6c1 | kernels 5726d482c21a | runtime CachedXRTRuntime | xdna 2.21.0_20260625 | xrt 2.21.0 | host docker-runner-5d71ce1b6e30 | device NPU Krackan 1 | pmode default,iron/applications/llama_3.2_1b/test.py::test_llama_3_2_1b_determinism,iter0,1/1,no,,,,,,,,,,,,,,,,,,,,,,,,,,0.0,0.0,0.0,0.0,0.0
b73e3f8bb6cdcd6e15cc8ad70e6845dc4807ceec,2026-10-03 23:13:18,commit b73e3f8bb6 | peano 22.0.0+0006955e | mlir_aie 1.4.4.dev73+g18ca6c1 | kernels 5726d482c21a | runtime CachedXRTRuntime | xdna 2.21.0_20260625 | xrt 2.21.0 | host docker-runner-5d71ce1b6e30 | device NPU Krackan 1 | pmode default,iron/applications/llama_3.2_1b/test.py::test_llama_3_2_1b_determinism,iter1,1/1,no,,,,,,,,,,,,,,,,,,,,,,,,,,0.0,0.0,0.0,0.0,0.0
b73e3f8bb6cdcd6e15cc8ad70e6845dc4807ceec,2026-10-03 23:13:18,commit b73e3f8bb6 | peano 22.0.0+0006955e | mlir_aie 1.4.4.dev73+g18ca6c1 | kernels 5726d482c21a | runtime CachedXRTRuntime | xdna 2.21.0_20260625 | xrt 2.21.0 | host docker-runner-5d71ce1b6e30 | device NPU Krackan 1 | pmode default,iron/applications/llama_3.2_1b/test.py::test_llama_3_2_1b_determinism,iter2,1/1,no,,,,,,,,,,,,,,,,,,,,,,,,,,0.0,0.0,0.0,0.0,0.0
b73e3f8bb6cdcd6e15cc8ad70e6845dc4807ceec,2026-10-03 23:13:18,commit b73e3f8bb6 | peano 22.0.0+0006955e | mlir_aie 1.4.4.dev73+g18ca6c1 | kernels 5726d482c21a | runtime CachedXRTRuntime | xdna 2.21.0_20260625 | xrt 2.21.0 | host docker-runner-5d71ce1b6e30 | device NPU Krackan 1 | pmode default,iron/applications/llama_3.2_1b/test.py::test_llama_3_2_1b_determinism,iter3,1/1,no,,,,,,,,,,,,,,,,,,,,,,,,,,0.0,0.0,0.0,0.0,0.0
b73e3f8bb6cdcd6e15cc8ad70e6845dc4807ceec,2026-10-03 23:13:18,commit b73e3f8bb6 | peano 22.0.0+0006955e | mlir_aie 1.4.4.dev73+g18ca6c1 | kernels 5726d482c21a | runtime CachedXRTRuntime | xdna 2.21.0_20260625 | xrt 2.21.0 | host docker-runner-5d71ce1b6e30 | device NPU Krackan 1 | pmode default,iron/applications/llama_3.2_1b/test.py::test_llama_3_2_1b_determinism,iter4,1/1,no,,,,,,,,,,,,,,,,,,,,,,,,,,0.0,0.0,0.0,0.0,0.0
